2.1765654,0.1444292,-0.1967424,0.6149699,0.1409729,-0.17274,0.6778894,0.1659436,-0.1711929,0.6718348,0.1659436,-0.1711929,0.6718348
2.1996447,0.1443765,-0.1966127,0.6149524,0.1409631,-0.1726111,0.6778433,0.1658082,-0.1711,0.6718582,0.1658082,-0.1711,0.6718582
2.230639,0.1396936,-0.1900699,0.6117526,0.134831,-0.1638851,0.6737143,0.1598279,-0.1624619,0.6677315,0.1598279,-0.1624619,0.6677315
2.2656347,0.1407275,-0.1842225,0.6095062,0.02957547,-0.1575285,0.6065929,0.05483174,-0.1562499,0.6017679,0.05483174,-0.1562499,0.6017679
2.2986127,0.1384881,-0.1823131,0.6083385,0.02896249,-0.1654795,0.6069036,0.05432785,-0.1623686,0.6020604,0.05432785,-0.1623686,0.6020604
2.3492357,0.1355273,-0.1803303,0.6067045,0.02975249,-0.1588293,0.6035722,0.05523431,-0.1760875,0.598868,0.05523431,-0.1760875,0.598868
2.365224,0.1331223,-0.1798771,0.6068733,0.02879596,-0.1548923,0.605344,0.05362082,-0.1743719,0.6017383,0.05362082,-0.1743719,0.6017383
2.3984262,0.1307514,-0.180326,0.6067573,0.02727807,-0.1515791,0.6061475,0.05186868,-0.1733471,0.6018907,0.05186868,-0.1733471,0.6018907
2.4304344,0.129511,-0.1804449,0.6070907,0.02725816,-0.1503919,0.6072056,0.0525645,-0.1776428,0.6011477,0.0525645,-0.1776428,0.6011477
2.4644217,0.1275471,-0.1802292,0.6067349,0.02740431,-0.1510455,0.6055372,0.04919755,-0.1834362,0.6003262,0.04919755,-0.1834362,0.6003262
2.4984004,0.1254034,-0.1798099,0.6062045,0.0259819,-0.1488773,0.6075739,0.05205238,-0.1813449,0.6008722,0.05205238,-0.1813449,0.6008722
2.5309891,0.1234306,-0.1799908,0.6056905,0.02400553,-0.1494801,0.6080263,0.05001402,-0.1858019,0.6002682,0.05001402,-0.1858019,0.6002682
2.5648721,0.1272719,-0.1776777,0.6043736,0.0264262,-0.150197,0.6068156,0.04875374,-0.1827341,0.6013032,0.04875374,-0.1827341,0.6013032
2.598852,0.1263291,-0.1811004,0.605685,0.02688313,-0.1504383,0.6064303,0.05022299,-0.1808143,0.6011164,0.05022299,-0.1808143,0.6011164
2.6317189,0.1334673,-0.1904296,0.610711,0.02730584,-0.1548265,0.6070167,0.04896724,-0.1802521,0.6021578,0.04896724,-0.1802521,0.6021578
2.6649043,0.1308309,-0.1915589,0.6100423,0.02747691,-0.1548443,0.6050088,0.04945886,-0.1824986,0.6011052,0.04945886,-0.1824986,0.6011052
2.6998823,0.1277003,-0.1930429,0.6081816,0.02591479,-0.1530315,0.6059726,0.04989839,-0.1835471,0.6004587,0.04989839,-0.1835471,0.6004587
2.7308626,0.1277869,-0.1940398,0.6087141,0.02577102,-0.1518703,0.6066139,0.04761767,-0.1836135,0.6019512,0.04761767,-0.1836135,0.6019512
2.764744,0.1306906,-0.1953443,0.6095204,0.0269413,-0.1536872,0.6053023,0.04708874,-0.1846984,0.6018318,0.04708874,-0.1846984,0.6018318
2.7997471,0.1265336,-0.1961413,0.6076535,0.02476275,-0.1519707,0.6069935,0.0460459,-0.1851227,0.602628,0.0460459,-0.1851227,0.602628
2.8317273,0.1255566,-0.1951083,0.6068652,0.02577138,-0.153201,0.6037907,0.05295336,-0.1866342,0.5958706,0.05295336,-0.1866342,0.5958706
2.8776724,0.1234732,-0.1923034,0.6049352,0.02424395,-0.1502489,0.605288,0.04852474,-0.1878401,0.5989808,0.04852474,-0.1878401,0.5989808
2.8996553,0.1225843,-0.1930657,0.6046499,0.02667868,-0.1533047,0.6017026,0.04949319,-0.193944,0.5942917,0.04949319,-0.193944,0.5942917
2.9316318,0.1216311,-0.1916941,0.6030544,0.02563798,-0.1524639,0.6025835,0.05438673,-0.2000832,0.5890201,0.05438673,-0.2000832,0.5890201
2.9656181,0.1209706,-0.1908558,0.6016134,0.02519047,-0.1502459,0.6027281,0.05818248,-0.1955246,0.5896068,0.05818248,-0.1955246,0.5896068
2.9986151,0.1200703,-0.1913886,0.6018503,0.02237105,-0.1504187,0.6033207,0.05067158,-0.1942262,0.5944002,0.05067158,-0.1942262,0.5944002
3.0325267,0.121079,-0.1921972,0.6025236,0.02488279,-0.1503255,0.602725,0.05689156,-0.1968633,0.5895733,0.05689156,-0.1968633,0.5895733
3.0695035,0.1223119,-0.1912336,0.6016337,0.02734017,-0.151086,0.6019544,0.05596828,-0.1987433,0.5903624,0.05596828,-0.1987433,0.5903624
3.0994844,0.1241969,-0.1900198,0.6019019,0.02959716,-0.1551241,0.5981215,0.06417322,-0.2074926,0.5826387,0.06417322,-0.2074926,0.5826387
3.1314653,0.1192064,-0.1795811,0.5948815,0.0314548,-0.1484263,0.5921161,0.06895268,-0.2119407,0.5783873,0.06895268,-0.2119407,0.5783873
3.165443,0.1174353,-0.1739626,0.5912291,0.03026211,-0.1392134,0.5893443,0.06136632,-0.2044189,0.5852495,0.06136632,-0.2044189,0.5852495
3.1994222,0.1148989,-0.1733908,0.59478,0.0279417,-0.1379796,0.590798,0.05363309,-0.2010224,0.5892857,0.05363309,-0.2010224,0.5892857
3.2314018,0.1250196,-0.1741895,0.598232,0.03064215,-0.1514031,0.5954209,0.05945492,-0.2065978,0.5848364,0.05945492,-0.2065978,0.5848364
3.2663807,0.1272992,-0.1802735,0.6015875,0.02991986,-0.1525082,0.5975732,0.05904508,-0.2035451,0.5862269,0.05904508,-0.2035451,0.5862269
3.3003598,0.122501,-0.1719343,0.5967508,0.02788568,-0.1487571,0.5963663,0.05859077,-0.2050787,0.5857759,0.05859077,-0.2050787,0.5857759
3.3323525,0.1202332,-0.1689087,0.5965434,0.02775085,-0.1419481,0.5972306,0.07376254,-0.2147776,0.5743389,0.07376254,-0.2147776,0.5743389
3.3653324,0.4191744,-0.3074487,0.4167988,0.5589917,-0.3296621,0.4116575,0.5774546,-0.2527367,0.3911024,0.5774546,-0.2527367,0.3911024
3.4003407,0.41055,-0.3338687,0.3861596,0.5578791,-0.3324541,0.404432,0.5776192,-0.2538674,0.3878909,0.5776192,-0.2538674,0.3878909
3.4323555,0.4471997,-0.3138631,0.3931008,0.5586264,-0.3303408,0.397989,0.5731335,-0.25317,0.3755878,0.5731335,-0.25317,0.3755878
3.4663458,0.4187081,-0.3061685,0.3943518,0.5586128,-0.333564,0.3927368,0.5791955,-0.2582107,0.3708275,0.5791955,-0.2582107,0.3708275
3.500327,0.4401397,-0.3107807,0.3917573,0.5564538,-0.3341966,0.3874431,0.57523,-0.2587979,0.3676664,0.57523,-0.2587979,0.3676664
3.5323055,0.4208812,-0.3094799,0.3896911,0.5540162,-0.3339188,0.3827403,0.5685579,-0.2604486,0.3638484,0.5685579,-0.2604486,0.3638484
3.567303,0.4349496,-0.313758,0.387475,0.5516855,-0.3375333,0.3806291,0.5742912,-0.2626104,0.3604034,0.5742912,-0.2626104,0.3604034
3.6012833,0.4196303,-0.310981,0.3880916,0.5528734,-0.3386327,0.3779311,0.5746301,-0.2609816,0.3572586,0.5746301,-0.2609816,0.3572586
3.6332615,0.4357494,-0.314953,0.3853514,0.5537794,-0.3387262,0.3762826,0.5654026,-0.2659149,0.357596,0.5654026,-0.2659149,0.357596
3.666258,0.4212397,-0.3115386,0.3863292,0.5497679,-0.3397232,0.3745682,0.5694276,-0.2676309,0.3556145,0.5694276,-0.2676309,0.3556145
3.6986863,0.43528,-0.3150376,0.3836001,0.5487589,-0.3396707,0.3735972,0.5663495,-0.2644779,0.3553576,0.5663495,-0.2644779,0.3553576
3.7326657,0.4186368,-0.3119063,0.3852323,0.547619,-0.3426055,0.3733013,0.5654711,-0.2681688,0.3549969,0.5654711,-0.2681688,0.3549969
3.7653041,0.4325442,-0.3150959,0.382809,0.5497464,-0.3432565,0.3735781,0.5664933,-0.2669321,0.3560411,0.5664933,-0.2669321,0.3560411
3.8003604,0.4129844,-0.3105916,0.3848545,0.547701,-0.3427585,0.3732848,0.5658967,-0.2667477,0.3562002,0.5658967,-0.2667477,0.3562002
3.8304791,0.4332745,-0.3159882,0.3817998,0.5437205,-0.3424201,0.3732641,0.5686241,-0.2650078,0.3570065,0.5686241,-0.2650078,0.3570065
3.8651383,0.4099294,-0.3107732,0.3846096,0.5450543,-0.3447164,0.3734641,0.5678043,-0.2661811,0.3561566,0.5678043,-0.2661811,0.3561566
3.8981144,0.4333224,-0.3164892,0.3811022,0.5451946,-0.3428486,0.3726618,0.567858,-0.2661639,0.3550489,0.567858,-0.2661639,0.3550489
3.9320962,0.4125305,-0.3123357,0.383758,0.5446829,-0.3452959,0.3720889,0.5665356,-0.2649404,0.3561861,0.5665356,-0.2649404,0.3561861
3.9660716,0.4301093,-0.3166038,0.3806432,0.5435758,-0.3425207,0.3704571,0.5591999,-0.2674758,0.3516132,0.5591999,-0.2674758,0.3516132
3.9987542,0.4098113,-0.3114014,0.3795012,0.54591,-0.3421507,0.3701228,0.5680804,-0.264771,0.3514269,0.5680804,-0.264771,0.3514269
4.0307321,0.4283984,-0.3153576,0.3744841,0.5433172,-0.3438087,0.3681213,0.5653405,-0.2679511,0.3516309,0.5653405,-0.2679511,0.3516309
4.0667343,0.4105749,-0.3197407,0.3732918,0.5424222,-0.3416035,0.3674217,0.5624381,-0.267903,0.3495685,0.5624381,-0.267903,0.3495685
4.1005766,0.4254841,-0.3219533,0.371837,0.5459379,-0.3452753,0.3676808,0.564422,-0.266678,0.3486072,0.564422,-0.266678,0.3486072
4.1315577,0.4143969,-0.3188349,0.3736296,0.5447668,-0.3448025,0.3670376,0.565214,-0.2646239,0.3484638,0.565214,-0.2646239,0.3484638
4.1655352,0.4248855,-0.3260482,0.3692623,0.5446792,-0.3455175,0.3660294,0.5641521,-0.2656958,0.3479944,0.5641521,-0.2656958,0.3479944
4.1995141,0.4158562,-0.3227745,0.3713056,0.5456606,-0.3422749,0.3645033,0.5596757,-0.265972,0.3441579,0.5596757,-0.265972,0.3441579
4.2314941,0.4234124,-0.3254858,0.3694042,0.546507,-0.344452,0.3637078,0.5621399,-0.26588,0.3452519,0.5621399,-0.26588,0.3452519
4.2664733,0.4152538,-0.323699,0.3702347,0.5453368,-0.3447633,0.3636725,0.5635402,-0.2639551,0.3450371,0.5635402,-0.2639551,0.3450371
4.3005393,0.4116235,-0.3221264,0.3703012,0.5422912,-0.3439839,0.3624865,0.5631094,-0.2666261,0.3449413,0.5631094,-0.2666261,0.3449413
4.3335173,0.421375,-0.3251835,0.3681613,0.543362,-0.3443052,0.3622231,0.5627415,-0.2664463,0.3451926,0.5627415,-0.2664463,0.3451926
4.365498,0.4132551,-0.3237428,0.3689547,0.5440364,-0.3439563,0.3617793,0.5635139,-0.2647189,0.3449677,0.5635139,-0.2647189,0.3449677
4.3984942,0.4229649,-0.326156,0.3671468,0.5443721,-0.3431982,0.3617649,0.5621499,-0.264587,0.3451613,0.5621499,-0.264587,0.3451613
4.4324726,0.4131474,-0.323782,0.3686658,0.5416405,-0.3411789,0.3612983,0.560456,-0.2653667,0.3445055,0.560456,-0.2653667,0.3445055
4.4664511,0.4229802,-0.3260193,0.3681115,0.5409406,-0.3408601,0.3611541,0.560099,-0.2642517,0.3446211,0.560099,-0.2642517,0.3446211
4.4985331,0.412354,-0.3236423,0.3696004,0.5411489,-0.3398497,0.3603449,0.560672,-0.263923,0.3447998,0.560672,-0.263923,0.3447998
4.5325115,0.4208066,-0.3258635,0.3691013,0.5417768,-0.3390492,0.3600625,0.5612361,-0.2635818,0.3446348,0.5612361,-0.2635818,0.3446348
4.5655006,0.410485,-0.3225424,0.3698122,0.5421062,-0.3379286,0.3597976,0.5597221,-0.2638239,0.3439558,0.5597221,-0.2638239,0.3439558
4.6004418,0.4213409,-0.3251149,0.3678761,0.542613,-0.3383738,0.3598585,0.5612844,-0.2634644,0.3450787,0.5612844,-0.2634644,0.3450787
4.6324313,0.4055567,-0.3140861,0.376787,0.5427586,-0.3373176,0.3598962,0.5611197,-0.2631862,0.345068,0.5611197,-0.2631862,0.345068
4.6724308,0.4216286,-0.3301906,0.3749589,0.5422997,-0.3365742,0.3601717,0.5604705,-0.2629811,0.3454998,0.5604705,-0.2629811,0.3454998
4.6981343,0.4121778,-0.3231456,0.3669593,0.5432221,-0.3351702,0.3601089,0.5574315,-0.2606575,0.3440732,0.5574315,-0.2606575,0.3440732
4.731306,0.4213331,-0.3230315,0.3675693,0.5418888,-0.3348223,0.36015,0.558748,-0.2605782,0.3438064,0.558748,-0.2605782,0.3438064
4.7653083,0.4147826,-0.31822,0.369701,0.5418274,-0.333265,0.3599756,0.5608274,-0.2598347,0.34294,0.5608274,-0.2598347,0.34294
4.7983238,0.4109482,-0.3161494,0.3707464,0.5415165,-0.3326792,0.3601079,0.5590161,-0.2598111,0.342679,0.5590161,-0.2598111,0.342679
4.8313126,0.4222891,-0.317699,0.3692578,0.5432336,-0.3321015,0.3603069,0.5589963,-0.2593497,0.3434846,0.5589963,-0.2593497,0.3434846
4.8653072,0.4143339,-0.3141119,0.3693919,0.543246,-0.3320071,0.3603873,0.559916,-0.259136,0.3438779,0.559916,-0.259136,0.3438779
4.8982962,0.4117508,-0.3119089,0.3711842,0.5429894,-0.3311798,0.3607846,0.5594943,-0.2584901,0.3438334,0.5594943,-0.2584901,0.3438334
4.9322788,0.4222649,-0.3134396,0.3700483,0.5415368,-0.3297931,0.3605697,0.5607243,-0.2571461,0.3436553,0.5607243,-0.2571461,0.3436553
4.9652575,0.4146985,-0.3107237,0.371401,0.5406399,-0.3283522,0.3608826,0.5586507,-0.2550932,0.3438038,0.5586507,-0.2550932,0.3438038
5.0052331,0.4065478,-0.3070451,0.3728407,0.5416241,-0.327871,0.3619882,0.5584149,-0.254132,0.3441974,0.5584149,-0.254132,0.3441974
5.0382139,0.4207669,-0.3109044,0.3702234,0.540962,-0.3264323,0.3622544,0.5578761,-0.2528909,0.3443761,0.5578761,-0.2528909,0.3443761
5.0671944,0.4072697,-0.3065644,0.3728212,0.540996,-0.3234815,0.3624908,0.5586334,-0.2494595,0.344925,0.5586334,-0.2494595,0.344925
5.1181628,0.4223642,-0.3096221,0.3702762,0.5407001,-0.322925,0.3632701,0.5600842,-0.2482779,0.3452905,0.5600842,-0.2482779,0.3452905
5.134153,0.408372,-0.3052035,0.3722083,0.541906,-0.3210234,0.3632423,0.5592754,-0.2480144,0.3463246,0.5592754,-0.2480144,0.3463246
5.1648821,0.4239703,-0.307929,0.3682155,0.5424843,-0.3192737,0.3637747,0.5584942,-0.2451648,0.3469422,0.5584942,-0.2451648,0.3469422
5.1987525,0.4089742,-0.3039626,0.3718949,0.5424918,-0.3189146,0.3646074,0.5593673,-0.2460312,0.3472406,0.5593673,-0.2460312,0.3472406
5.2317486,0.4245484,-0.3065114,0.3683692,0.5441526,-0.3172365,0.3645587,0.5601468,-0.2461666,0.3468643,0.5601468,-0.2461666,0.3468643
5.2667348,0.4109552,-0.3009668,0.3706062,0.5438716,-0.3158578,0.3647961,0.5583532,-0.2413408,0.3476507,0.5583532,-0.2413408,0.3476507
5.2987145,0.4223228,-0.3092325,0.3668061,0.5428562,-0.314454,0.3649656,0.5591649,-0.2424394,0.3471792,0.5591649,-0.2424394,0.3471792
5.3314512,0.4107515,-0.308206,0.3688257,0.5436822,-0.312626,0.3643367,0.5614671,-0.239447,0.3470893,0.5614671,-0.239447,0.3470893
5.3654313,0.4094346,-0.3027486,0.3687816,0.5443803,-0.3117697,0.3641528,0.5591544,-0.238591,0.3473527,0.5591544,-0.238591,0.3473527
5.4004294,0.4234132,-0.3085639,0.3658106,0.5442679,-0.31001,0.3636842,0.5609058,-0.2362198,0.3472331,0.5609058,-0.2362198,0.3472331
5.4324671,0.4108316,-0.3077428,0.3681171,0.5442363,-0.3084668,0.3636054,0.5606339,-0.2372954,0.346972,0.5606339,-0.2372954,0.346972
5.465463,0.4131546,-0.279148,0.3685439,0.544973,-0.3073816,0.3633814,0.5599597,-0.2342791,0.3470153,0.5599597,-0.2342791,0.3470153
5.4985376,0.41247,-0.2786603,0.3684103,0.5447141,-0.3057157,0.3630465,0.560999,-0.2316463,0.3466517,0.560999,-0.2316463,0.3466517
5.5355305,0.4280883,-0.2795954,0.3664048,0.5440438,-0.3033752,0.3625103,0.5608007,-0.2285265,0.3460985,0.5608007,-0.2285265,0.3460985
5.5665115,0.4160454,-0.2779368,0.3691751,0.5454469,-0.3028535,0.3624578,0.5599909,-0.2297672,0.3463837,0.5599909,-0.2297672,0.3463837
5.5986808,0.4153234,-0.2779107,0.3695314,0.5451732,-0.3007029,0.3620188,0.5597669,-0.2278234,0.3462906,0.5597669,-0.2278234,0.3462906
5.631768,0.4149967,-0.2775802,0.3693,0.5449363,-0.2998465,0.3615788,0.5618789,-0.2254608,0.3456806,0.5618789,-0.2254608,0.3456806
5.6669459,0.4147532,-0.2771221,0.3696371,0.5465575,-0.2989642,0.3608974,0.562573,-0.2242357,0.345566,0.562573,-0.2242357,0.345566
5.6998293,0.4313569,-0.2778424,0.3672015,0.5466204,-0.2982362,0.3603908,0.5608259,-0.2254231,0.345789,0.5608259,-0.2254231,0.345789
5.7338073,0.4181393,-0.2760182,0.369675,0.5482758,-0.2970558,0.359866,0.5609716,-0.2266006,0.3448782,0.5609716,-0.2266006,0.3448782
5.7657863,0.4172438,-0.2757907,0.3700058,0.5464169,-0.2957203,0.3591931,0.5596144,-0.2237489,0.3442096,0.5596144,-0.2237489,0.3442096
5.7997666,0.4167881,-0.2754509,0.3697691,0.547428,-0.2943306,0.3585392,0.5592929,-0.2216694,0.3433594,0.5592929,-0.2216694,0.3433594
5.8327453,0.4165329,-0.275021,0.3695419,0.5462939,-0.2927247,0.3583044,0.5599259,-0.2231099,0.3440076,0.5599259,-0.2231099,0.3440076
5.8657383,0.4164268,-0.2746796,0.3694096,0.548771,-0.2919624,0.3578387,0.5608737,-0.2189127,0.3428134,0.5608737,-0.2189127,0.3428134
5.8980803,0.4162345,-0.274444,0.3693241,0.5461959,-0.2912651,0.3574292,0.559407,-0.2164119,0.3426784,0.559407,-0.2164119,0.3426784
5.9310317,0.4357405,-0.2757115,0.3669771,0.5476501,-0.2901896,0.3567847,0.5599461,-0.2188504,0.342954,0.5599461,-0.2188504,0.342954
5.9650147,0.4181654,-0.2742751,0.3692543,0.5490485,-0.2897835,0.356587,0.5625364,-0.2179279,0.3423509,0.5625364,-0.2179279,0.3423509
5.9979022,0.4344645,-0.2753944,0.3671019,0.5486242,-0.2880081,0.3555391,0.5612134,-0.2170377,0.3409321,0.5612134,-0.2170377,0.3409321
6.0329238,0.4216514,-0.2738519,0.36961,0.5481844,-0.2874936,0.3548135,0.5614463,-0.2136343,0.3391913,0.5614463,-0.2136343,0.3391913
6.0719346,0.4207343,-0.2736567,0.3692526,0.5471298,-0.2861302,0.3543585,0.5591953,-0.2129886,0.3399145,0.5591953,-0.2129886,0.3399145
6.1006838,0.4204955,-0.2734492,0.369001,0.546699,-0.2854702,0.3538705,0.558871,-0.2150425,0.3405313,0.558871,-0.2150425,0.3405313
6.1308781,0.4201349,-0.2738639,0.3687333,0.5476153,-0.2852396,0.3538699,0.5608701,-0.2137882,0.3404055,0.5608701,-0.2137882,0.3404055
6.1650641,0.4200952,-0.2734392,0.368643,0.5459626,-0.2840688,0.3534368,0.5615445,-0.2112637,0.339393,0.5615445,-0.2112637,0.339393
6.2010518,0.4196851,-0.2730772,0.3685718,0.5459967,-0.2827423,0.3533863,0.5622786,-0.2098208,0.3395077,0.5622786,-0.2098208,0.3395077
6.2320511,0.4197669,-0.2728021,0.3683197,0.5478399,-0.2812424,0.3532604,0.5615689,-0.2105338,0.3395327,0.5615689,-0.2105338,0.3395327
6.271086,0.4198048,-0.271908,0.3682524,0.5463228,-0.2805149,0.352872,0.5598255,-0.2092189,0.339345,0.5598255,-0.2092189,0.339345
6.3030641,0.4199218,-0.2713276,0.3682514,0.5451945,-0.277582,0.35271,0.5587935,-0.2048211,0.3387167,0.5587935,-0.2048211,0.3387167
6.333045,0.4200207,-0.2702379,0.3684286,0.5476617,-0.2749513,0.3518919,0.5610185,-0.2044789,0.3378822,0.5610185,-0.2044789,0.3378822
6.3660243,0.4200939,-0.2688201,0.3685654,0.5449312,-0.272956,0.3511666,0.5576313,-0.2015026,0.3364512,0.5576313,-0.2015026,0.3364512
6.3986235,0.4200847,-0.2684024,0.3686495,0.5469837,-0.2728429,0.3500773,0.5626884,-0.2017593,0.3358317,0.5626884,-0.2017593,0.3358317
6.4316094,0.4200312,-0.2682291,0.3686611,0.5456192,-0.2703922,0.3491676,0.5579293,-0.1987497,0.3347438,0.5579293,-0.1987497,0.3347438
6.4657023,0.4200603,-0.2680065,0.3686213,0.5463761,-0.2679245,0.3487406,0.5592153,-0.1978264,0.334337,0.5592153,-0.1978264,0.334337
6.4996673,0.4197232,-0.2674043,0.3670168,0.5432895,-0.2635454,0.3478819,0.556742,-0.1947022,0.3339866,0.556742,-0.1947022,0.3339866
6.5346531,0.4194754,-0.2673091,0.3657144,0.5426847,-0.2616458,0.3480413,0.558663,-0.1958513,0.3343278,0.558663,-0.1958513,0.3343278
6.5656337,0.4191128,-0.266031,0.3629491,0.5441949,-0.2594335,0.3478415,0.5576096,-0.1910134,0.334024,0.5576096,-0.1910134,0.334024
6.599616,0.4196119,-0.2658857,0.3650046,0.5436387,-0.2575986,0.3479753,0.5583748,-0.1916389,0.3344076,0.5583748,-0.1916389,0.3344076
6.6315438,0.4197662,-0.2658152,0.3649423,0.5417082,-0.2562753,0.3487003,0.558265,-0.1875188,0.3347486,0.558265,-0.1875188,0.3347486
6.6755363,0.420011,-0.2658225,0.3649785,0.5426718,-0.2547543,0.3485243,0.5570544,-0.1879609,0.3345213,0.5570544,-0.1879609,0.3345213
6.7005174,0.4205196,-0.2631996,0.3663343,0.5413886,-0.2519707,0.3484116,0.5549705,-0.1845127,0.3348061,0.5549705,-0.1845127,0.3348061
6.7320543,0.4208235,-0.2585884,0.3666584,0.5413742,-0.2508776,0.3491062,0.5569949,-0.1811285,0.335144,0.5569949,-0.1811285,0.335144
6.7650341,0.4211378,-0.2566476,0.3672486,0.5412966,-0.2477543,0.3490893,0.5568881,-0.1807402,0.3356819,0.5568881,-0.1807402,0.3356819
6.7980117,0.4210478,-0.2574083,0.3651681,0.5411247,-0.2462908,0.3495517,0.5571047,-0.1818168,0.3363001,0.5571047,-0.1818168,0.3363001
6.8330285,0.4211309,-0.2569965,0.3651422,0.5401397,-0.2445211,0.3498572,0.5572451,-0.1772839,0.3369778,0.5572451,-0.1772839,0.3369778
6.8680302,0.4214584,-0.2568119,0.3651344,0.5395256,-0.2433111,0.3501024,0.5560113,-0.1774108,0.3372962,0.5560113,-0.1774108,0.3372962
6.8990216,0.4217144,-0.2535373,0.3651425,0.5415095,-0.2414826,0.3499541,0.5571569,-0.1740357,0.3373735,0.5571569,-0.1740357,0.3373735
6.9405958,0.421656,-0.2500327,0.3648019,0.5403888,-0.23857,0.3496651,0.5578585,-0.170046,0.3374351,0.5578585,-0.170046,0.3374351
6.9715775,0.4223543,-0.2527804,0.3668106,0.5408592,-0.2364821,0.3489956,0.5573677,-0.1703953,0.3372565,0.5573677,-0.1703953,0.3372565
7.0005593,0.4226822,-0.2468738,0.367313,0.5404345,-0.2347426,0.348684,0.5589082,-0.1666389,0.3369268,0.5589082,-0.1666389,0.3369268
7.0309037,0.4229361,-0.2448044,0.3675179,0.5411246,-0.2336795,0.3481663,0.5599215,-0.1650507,0.3360291,0.5599215,-0.1650507,0.3360291
7.0703072,0.423041,-0.2432718,0.3676342,0.5401771,-0.231201,0.3480073,0.5565771,-0.1623835,0.3365662,0.5565771,-0.1623835,0.3365662
7.1052806,0.4233893,-0.2418459,0.3677408,0.5389293,-0.2292798,0.3476408,0.5567247,-0.1646613,0.3361011,0.5567247,-0.1646613,0.3361011
7.138263,0.4240636,-0.2405685,0.3678595,0.5394014,-0.2294575,0.3470867,0.5577873,-0.1621093,0.3356662,0.5577873,-0.1621093,0.3356662
7.1662422,0.4242635,-0.239553,0.3679636,0.5405035,-0.2270033,0.3467438,0.5579095,-0.1628136,0.3356538,0.5579095,-0.1628136,0.3356538
7.1992295,0.4243959,-0.2385413,0.3680434,0.5395955,-0.2245011,0.3464092,0.5579369,-0.1583554,0.3355243,0.5579369,-0.1583554,0.3355243
7.2312212,0.418232,-0.248176,0.3407714,0.5374497,-0.2228149,0.3456253,0.5569596,-0.1613185,0.3354907,0.5569596,-0.1613185,0.3354907
7.2661995,0.4247216,-0.2341058,0.3694218,0.5369278,-0.2215521,0.3452442,0.5575016,-0.157967,0.3351622,0.5575016,-0.157967,0.3351622
7.298191,0.4197726,-0.2251143,0.3478981,0.536054,-0.220513,0.3449326,0.5577908,-0.1579848,0.3352138,0.5577908,-0.1579848,0.3352138
7.3311835,0.4252104,-0.2327693,0.3702239,0.5387622,-0.2207341,0.3448144,0.5568148,-0.1579105,0.3355479,0.5568148,-0.1579105,0.3355479
7.3671615,0.4252679,-0.2326247,0.3701597,0.5386673,-0.2190845,0.3442857,0.5569679,-0.1564076,0.3350339,0.5569679,-0.1564076,0.3350339
7.3991515,0.4253525,-0.2325798,0.3702546,0.5393237,-0.2170284,0.3442456,0.5575954,-0.153479,0.3350943,0.5575954,-0.153479,0.3350943
7.4311318,0.3867923,-0.2639693,0.3333384,0.5382782,-0.2199972,0.3445804,0.5548666,-0.1606648,0.3349372,0.5548666,-0.1606648,0.3349372
7.4651115,0.3867489,-0.2640224,0.3334391,0.5394926,-0.2194063,0.3444435,0.5551836,-0.1610114,0.334968,0.5551836,-0.1610114,0.334968
7.4991322,0.372663,-0.2644668,0.3336502,0.5393745,-0.2193164,0.3443363,0.5549977,-0.1610894,0.3350796,0.5549977,-0.1610894,0.3350796
7.5351104,0.3616178,-0.2662093,0.3341325,0.5397549,-0.2170079,0.34432,0.5558878,-0.1606904,0.3353884,0.5558878,-0.1606904,0.3353884
7.5651386,0.3598448,-0.2661486,0.3341148,0.5391462,-0.2178271,0.3448638,0.5555722,-0.160964,0.3351409,0.5555722,-0.160964,0.3351409
7.5981174,0.4370953,-0.1940922,0.3474129,0.5336508,-0.2097459,0.3438644,0.5606892,-0.1482581,0.3334313,0.5606892,-0.1482581,0.3334313
7.6311164,0.4305495,-0.2310995,0.3725306,0.5396011,-0.2154148,0.3442624,0.5571895,-0.1521226,0.3347536,0.5571895,-0.1521226,0.3347536
7.6671082,0.4292527,-0.2313327,0.3723268,0.5391521,-0.2140062,0.344526,0.5583851,-0.1518534,0.3347153,0.5583851,-0.1518534,0.3347153
7.6993222,0.3470378,-0.2647873,0.3341191,0.5390477,-0.2154792,0.3447773,0.5526639,-0.1605067,0.334973,0.5526639,-0.1605067,0.334973
7.7318154,0.4357908,-0.1779825,0.3605743,0.5341386,-0.2047303,0.3445583,0.5608387,-0.1450773,0.33531,0.5608387,-0.1450773,0.33531
7.7658045,0.4225496,-0.1830395,0.3609955,0.5318867,-0.2058274,0.3446581,0.5596875,-0.1437507,0.3354934,0.5596875,-0.1437507,0.3354934
7.8027824,0.4221431,-0.183154,0.3610287,0.5332384,-0.2058911,0.3459697,0.5607854,-0.1481605,0.3367363,0.5607854,-0.1481605,0.3367363
7.8312126,0.4218904,-0.1830248,0.3612216,0.5336254,-0.2048968,0.3473676,0.5593894,-0.1448135,0.3387755,0.5593894,-0.1448135,0.3387755
7.8658106,0.4216321,-0.1828938,0.3615282,0.5324445,-0.2035718,0.3480126,0.5614676,-0.1434575,0.3394712,0.5614676,-0.1434575,0.3394712
7.8987881,0.4218045,-0.1825836,0.3623593,0.5329865,-0.2042007,0.349734,0.561464,-0.1433809,0.3413207,0.561464,-0.1433809,0.3413207
7.9318413,0.4217962,-0.1824929,0.3630364,0.5332323,-0.2045165,0.3514726,0.5608258,-0.1425676,0.3429568,0.5608258,-0.1425676,0.3429568
7.9678355,0.4219456,-0.1820806,0.3634365,0.5342646,-0.2038396,0.3533953,0.5611095,-0.1439934,0.3439365,0.5611095,-0.1439934,0.3439365
7.9988158,0.4220496,-0.1818187,0.3644733,0.5343736,-0.2039002,0.3547612,0.561273,-0.1405373,0.3470955,0.561273,-0.1405373,0.3470955
8.0317939,0.4288702,-0.2351553,0.3677562,0.5411102,-0.2075816,0.3571701,0.561466,-0.1432045,0.3490531,0.561466,-0.1432045,0.3490531
8.0677967,0.4235939,-0.1822173,0.3717954,0.5353148,-0.2045867,0.3582561,0.5622722,-0.1408719,0.3500679,0.5622722,-0.1408719,0.3500679
8.0990925,0.4260269,-0.2449554,0.3554716,0.5398686,-0.2094027,0.3605258,0.5615568,-0.1452641,0.3533699,0.5615568,-0.1452641,0.3533699
8.1306931,0.4263325,-0.2127331,0.3645298,0.536433,-0.2069184,0.362095,0.5611792,-0.1408128,0.354247,0.5611792,-0.1408128,0.354247
8.1657171,0.4263556,-0.2153748,0.3654662,0.5387164,-0.2072687,0.3626828,0.5609655,-0.1425137,0.3524258,0.5609655,-0.1425137,0.3524258
8.1986965,0.4225791,-0.1806354,0.3765028,0.5334791,-0.2050326,0.3634733,0.5599389,-0.1414874,0.3569794,0.5599389,-0.1414874,0.3569794
8.2306509,0.4223288,-0.1808585,0.3766174,0.5341837,-0.2046438,0.3649088,0.561842,-0.14033,0.3575667,0.561842,-0.14033,0.3575667
8.2726608,0.420776,-0.1809772,0.3761763,0.5341798,-0.2054342,0.3660382,0.5610127,-0.1415999,0.3564087,0.5610127,-0.1415999,0.3564087
8.2976433,0.4204383,-0.1807394,0.3767564,0.5349166,-0.2051549,0.3670625,0.5587329,-0.1407273,0.3593044,0.5587329,-0.1407273,0.3593044
8.3306381,0.4174238,-0.1804934,0.3759347,0.5347978,-0.2041589,0.3687707,0.5616579,-0.1387433,0.3615249,0.5616579,-0.1387433,0.3615249
8.3646412,0.4253927,-0.2378442,0.3905439,0.5408185,-0.2085718,0.3706006,0.5600052,-0.1420726,0.3603404,0.5600052,-0.1420726,0.3603404
8.3996195,0.3406802,-0.2692561,0.3427446,0.5409008,-0.2095953,0.3723571,0.5579174,-0.1461846,0.3644968,0.5579174,-0.1461846,0.3644968
8.4306058,0.3924046,-0.2159339,0.3932721,0.5389873,-0.205938,0.3739081,0.5618011,-0.1358326,0.3666303,0.5618011,-0.1358326,0.3666303
8.465646,0.3933485,-0.2159243,0.3912694,0.5362185,-0.2043572,0.3753055,0.5599151,-0.1352477,0.3695133,0.5599151,-0.1352477,0.3695133
8.4986349,0.3935612,-0.2158745,0.390486,0.5365697,-0.2061169,0.3780403,0.557251,-0.1374037,0.3702936,0.557251,-0.1374037,0.3702936
8.5316233,0.3939692,-0.2157341,0.3909056,0.5376589,-0.2049038,0.3798208,0.5571257,-0.1318842,0.3746173,0.5571257,-0.1318842,0.3746173
8.5660103,0.3456867,-0.2607111,0.3695542,0.5379651,-0.2097874,0.3830485,0.5493343,-0.1517352,0.3746902,0.5493343,-0.1517352,0.3746902
8.599931,0.3451227,-0.2611123,0.3693807,0.5381073,-0.2093518,0.3862902,0.5509264,-0.1482596,0.3782569,0.5509264,-0.1482596,0.3782569
8.6309154,0.3343621,-0.2619437,0.3703083,0.5393236,-0.2112376,0.3903092,0.5505025,-0.1494622,0.3821646,0.5505025,-0.1494622,0.3821646
8.6668948,0.3363616,-0.2637424,0.3699508,0.5400374,-0.2106287,0.3936915,0.5503842,-0.1495534,0.3859113,0.5503842,-0.1495534,0.3859113
8.6988862,0.3995713,-0.212815,0.3931833,0.539322,-0.2064196,0.3970222,0.5591692,-0.1335624,0.3894485,0.5591692,-0.1335624,0.3894485
8.7318672,0.399353,-0.2126977,0.3933372,0.5397519,-0.2045898,0.4001646,0.5596393,-0.1299601,0.3926324,0.5596393,-0.1299601,0.3926324
8.7658466,0.408935,-0.2085973,0.4158833,0.5374088,-0.2041486,0.4036819,0.5591091,-0.1327927,0.3959984,0.5591091,-0.1327927,0.3959984
8.7988242,0.369542,-0.2569444,0.3892318,0.540313,-0.2078089,0.4072683,0.5479478,-0.1481515,0.3988872,0.5479478,-0.1481515,0.3988872
8.8308141,0.3781881,-0.2577008,0.3909497,0.5409533,-0.2079147,0.4104989,0.5500417,-0.1485221,0.4015485,0.5500417,-0.1485221,0.4015485
8.8668045,0.3699205,-0.2581778,0.3917689,0.541473,-0.2079212,0.4131146,0.550382,-0.1468928,0.4045115,0.550382,-0.1468928,0.4045115
8.8990876,0.3690197,-0.2578387,0.3922867,0.5411123,-0.2077488,0.4159359,0.5503565,-0.1480786,0.4071358,0.5503565,-0.1480786,0.4071358
8.9316658,0.3683832,-0.2584322,0.3931397,0.5417938,-0.2076408,0.4192096,0.551671,-0.1460645,0.4104005,0.551671,-0.1460645,0.4104005
8.9656436,0.357662,-0.2605877,0.3957517,0.543291,-0.2078426,0.4231632,0.5514154,-0.1484575,0.4136603,0.5514154,-0.1484575,0.4136603
8.9996217,0.3559307,-0.2607635,0.3966419,0.5422761,-0.2081537,0.4265347,0.5508512,-0.1454298,0.4165381,0.5508512,-0.1454298,0.4165381
9.0316015,0.3563665,-0.2612303,0.397181,0.5441275,-0.2072722,0.4302052,0.5512806,-0.1492347,0.4210058,0.5512806,-0.1492347,0.4210058
9.0715842,0.3689742,-0.256212,0.4061192,0.5434934,-0.2077994,0.4336855,0.5500157,-0.1473686,0.4242271,0.5500157,-0.1473686,0.4242271
9.1046539,0.3573382,-0.2716279,0.4059069,0.5453844,-0.2068774,0.4373786,0.5528255,-0.1483493,0.427898,0.5528255,-0.1483493,0.427898
9.1386324,0.3641655,-0.2549421,0.4120062,0.5472044,-0.2052853,0.4407701,0.5546366,-0.1431317,0.43163,0.5546366,-0.1431317,0.43163
9.1666146,0.3791212,-0.2562751,0.4125833,0.5449238,-0.2054172,0.4438885,0.5530602,-0.1439841,0.4344451,0.5530602,-0.1439841,0.4344451
9.2025934,0.3797337,-0.2573927,0.4139166,0.5450093,-0.2043364,0.4470936,0.5544291,-0.1395899,0.4381412,0.5544291,-0.1395899,0.4381412
9.2306654,0.3919007,-0.2579345,0.4149464,0.5469582,-0.2041191,0.4497496,0.5533347,-0.1427223,0.4399803,0.5533347,-0.1427223,0.4399803
9.2646549,0.3936268,-0.2583353,0.4155653,0.5478835,-0.2037501,0.451497,0.553733,-0.1441582,0.4411084,0.553733,-0.1441582,0.4411084
9.2983173,0.3944602,-0.2593506,0.4169492,0.5472668,-0.2027302,0.4527714,0.5572464,-0.1391286,0.4438576,0.5572464,-0.1391286,0.4438576
9.3313377,0.453987,-0.2345711,0.4360862,0.5493554,-0.2023299,0.4543597,0.5582262,-0.1371695,0.4447966,0.5582262,-0.1371695,0.4447966
9.3643351,0.4539129,-0.234072,0.4360871,0.548745,-0.2007786,0.4550732,0.5562713,-0.1402838,0.4446909,0.5562713,-0.1402838,0.4446909
9.3993138,0.4561645,-0.2317038,0.4366948,0.5498739,-0.1995403,0.456558,0.5615754,-0.1341327,0.4478338,0.5615754,-0.1341327,0.4478338
9.4333084,0.4578668,-0.2290298,0.4376002,0.5498053,-0.1984711,0.4578819,0.5614666,-0.1358675,0.4471951,0.5614666,-0.1358675,0.4471951
9.4723043,0.4583563,-0.2266191,0.4386905,0.5525881,-0.196853,0.4594081,0.5623283,-0.1251844,0.4507426,0.5623283,-0.1251844,0.4507426
9.5013066,0.4586003,-0.2249066,0.4397247,0.550896,-0.1952875,0.4609163,0.5652448,-0.1270047,0.4523932,0.5652448,-0.1270047,0.4523932
9.5352875,0.4589796,-0.2242307,0.4407395,0.5535245,-0.193986,0.4626496,0.5653679,-0.1252682,0.4530753,0.5653679,-0.1252682,0.4530753
9.5683224,0.4591202,-0.2233586,0.4420365,0.5525825,-0.1940069,0.4654137,0.566394,-0.1274173,0.4547009,0.566394,-0.1274173,0.4547009
9.6023009,0.4575005,-0.2223424,0.443426,0.550644,-0.1919483,0.4674662,0.5625122,-0.1261992,0.4583221,0.5625122,-0.1261992,0.4583221
9.6314531,0.4576946,-0.2212371,0.4453132,0.5509683,-0.1907554,0.4700141,0.5645252,-0.1269464,0.4585195,0.5645252,-0.1269464,0.4585195
9.6654446,0.4574717,-0.2205113,0.4468107,0.5507725,-0.1887811,0.4725156,0.5624748,-0.1238517,0.4631994,0.5624748,-0.1238517,0.4631994
9.6984475,0.4566839,-0.2196198,0.448558,0.5511739,-0.1877048,0.4748114,0.5637988,-0.1222958,0.4649481,0.5637988,-0.1222958,0.4649481
9.7314698,0.4563874,-0.2185356,0.4504343,0.5508914,-0.1863977,0.4771697,0.5609558,-0.1259104,0.4658365,0.5609558,-0.1259104,0.4658365
9.7654478,0.4561335,-0.2171009,0.452531,0.5520734,-0.1848096,0.4790595,0.5629487,-0.1239986,0.4679165,0.5629487,-0.1239986,0.4679165
9.7994269,0.4557061,-0.2163175,0.4542319,0.5509068,-0.1842095,0.4804927,0.5611895,-0.1220815,0.4697224,0.5611895,-0.1220815,0.4697224
9.8319121,0.4611293,-0.2078806,0.4589548,0.5506462,-0.1819397,0.4826604,0.5645119,-0.1177433,0.471862,0.5645119,-0.1177433,0.471862
9.8668904,0.4609289,-0.2082343,0.4598594,0.5511175,-0.1801386,0.4843442,0.5626296,-0.1170795,0.4737463,0.5626296,-0.1170795,0.4737463
9.8987994,0.4598892,-0.2080266,0.4610013,0.5514807,-0.1792287,0.4859862,0.5631731,-0.120315,0.4733034,0.5631731,-0.120315,0.4733034
9.9317911,0.4629699,-0.2011992,0.4640075,0.5513941,-0.1788641,0.4875036,0.5645927,-0.1168527,0.4763174,0.5645927,-0.1168527,0.4763174
9.9647846,0.4599088,-0.2028607,0.4654349,0.5494944,-0.1775065,0.4890625,0.5610454,-0.1132893,0.476714,0.5610454,-0.1132893,0.476714
9.9997625,0.458407,-0.2035828,0.4663673,0.5501524,-0.1764039,0.4906578,0.5623835,-0.1141833,0.4791495,0.5623835,-0.1141833,0.4791495
10.0318413,0.4579037,-0.2038858,0.4671733,0.5515683,-0.1751911,0.4917705,0.5612868,-0.1193095,0.4779952,0.5612868,-0.1193095,0.4779952
10.0660848,0.4572854,-0.2039572,0.4678523,0.5499254,-0.173366,0.4927722,0.5622652,-0.113915,0.4797142,0.5622652,-0.113915,0.4797142
10.098721,0.4579017,-0.2013399,0.4695097,0.552055,-0.1715053,0.4949532,0.5626024,-0.1086613,0.4821216,0.5626024,-0.1086613,0.4821216
10.1317018,0.4575896,-0.2015767,0.4704195,0.5546101,-0.1709084,0.4968723,0.5621883,-0.1125234,0.4833847,0.5621883,-0.1125234,0.4833847
10.1727089,0.4580717,-0.1993144,0.4719509,0.5513873,-0.1682951,0.498228,0.5644354,-0.106176,0.4857565,0.5644354,-0.106176,0.4857565
10.2096856,0.4568778,-0.1968803,0.473595,0.5520335,-0.1658059,0.4996678,0.5630093,-0.1050094,0.4883666,0.5630093,-0.1050094,0.4883666
10.2356689,0.4574814,-0.1961077,0.4753041,0.5527662,-0.1635964,0.5020279,0.5629513,-0.1064098,0.4888884,0.5629513,-0.1064098,0.4888884
10.2652194,0.4587181,-0.1955908,0.4770052,0.5519305,-0.1608018,0.5041711,0.5635722,-0.099091,0.4910522,0.5635722,-0.099091,0.4910522
10.2977033,0.4792161,-0.1782365,0.4861356,0.5543385,-0.1570042,0.5059495,0.5666811,-0.09636354,0.4940125,0.5666811,-0.09636354,0.4940125
10.3306825,0.4687915,-0.1818349,0.4853082,0.5541911,-0.1549515,0.5075587,0.5686495,-0.09013268,0.495151,0.5686495,-0.09013268,0.495151
10.3647121,0.4720261,-0.1819679,0.4869442,0.5553765,-0.1522357,0.5094806,0.5675881,-0.08845164,0.4971731,0.5675881,-0.08845164,0.4971731
10.3976822,0.4704562,-0.1827967,0.4878231,0.5555561,-0.151656,0.5102468,0.5679389,-0.09157205,0.4970747,0.5679389,-0.09157205,0.4970747
10.4306191,0.477017,-0.1780753,0.4905547,0.5559416,-0.1494493,0.511416,0.5692517,-0.08890112,0.4977567,0.5692517,-0.08890112,0.4977567
10.4656319,0.4781415,-0.1767841,0.4915585,0.5540358,-0.1480029,0.5124596,0.5670319,-0.0829308,0.4994349,0.5670319,-0.0829308,0.4994349
10.4986114,0.4783659,-0.1759893,0.4924153,0.5535048,-0.146445,0.5131093,0.5648339,-0.08101754,0.498625,0.5648339,-0.08101754,0.498625
10.5326036,0.47995,-0.174349,0.4935934,0.5521803,-0.1450898,0.5137888,0.5646665,-0.08722042,0.4985127,0.5646665,-0.08722042,0.4985127
10.5650066,0.4797511,-0.1740215,0.4941103,0.5530667,-0.1438242,0.5155603,0.5646838,-0.08890289,0.4994836,0.5646838,-0.08890289,0.4994836
10.5991224,0.528765,-0.147643,0.5082772,0.5633101,-0.1328176,0.5177532,0.5809443,-0.0554037,0.5041088,0.5809443,-0.0554037,0.5041088
10.6311192,0.4200646,-0.193991,0.4849285,0.5519359,-0.1407416,0.5169922,0.5642889,-0.08244506,0.5025759,0.5642889,-0.08244506,0.5025759
10.6651129,0.4203372,-0.1940482,0.4851179,0.5526799,-0.1393398,0.5175645,0.5628706,-0.07847778,0.502802,0.5628706,-0.07847778,0.502802
10.6981088,0.4568686,-0.1722187,0.4951592,0.5510324,-0.1372055,0.5180513,0.5633458,-0.07144883,0.5024981,0.5633458,-0.07144883,0.5024981
10.7311686,0.4672115,-0.1688279,0.4973966,0.5513654,-0.1359231,0.5182811,0.5651659,-0.07151935,0.5033169,0.5651659,-0.07151935,0.5033169
10.7651522,0.4704218,-0.1677887,0.4980766,0.5507022,-0.134362,0.5181976,0.5633181,-0.07200981,0.5027876,0.5633181,-0.07200981,0.5027876
10.7981733,0.4701995,-0.1678144,0.4981873,0.5517766,-0.1323178,0.5183276,0.5659913,-0.07303923,0.5035658,0.5659913,-0.07303923,0.5035658
10.8311517,0.4679203,-0.1674326,0.4975697,0.5505575,-0.1307726,0.5178633,0.5644659,-0.0730901,0.5033052,0.5644659,-0.0730901,0.5033052
10.8661302,0.4679283,-0.1671333,0.4975835,0.5517706,-0.1280729,0.518352,0.5650942,-0.07266504,0.5035915,0.5650942,-0.07266504,0.5035915
10.8991098,0.4694772,-0.1654277,0.4981427,0.5504793,-0.126562,0.5181361,0.5621154,-0.07335298,0.5028217,0.5621154,-0.07335298,0.5028217
10.9320895,0.4709812,-0.1636289,0.4987093,0.5500134,-0.1251156,0.5180756,0.5625345,-0.07173774,0.5025412,0.5625345,-0.07173774,0.5025412
10.9650799,0.4717281,-0.1622232,0.4989164,0.5511395,-0.1227844,0.5181874,0.5594316,-0.0671719,0.5030626,0.5594316,-0.0671719,0.5030626
11.0004886,0.4684275,-0.1611529,0.4982232,0.5499263,-0.1215502,0.5183338,0.5588564,-0.06824851,0.501107,0.5588564,-0.06824851,0.501107
11.0318609,0.4661708,-0.1603121,0.4977712,0.5500097,-0.1191854,0.5184037,0.5593783,-0.06850328,0.5011368,0.5593783,-0.06850328,0.5011368
11.0658392,0.464444,-0.1586857,0.4974172,0.5504113,-0.1170725,0.5184941,0.5576583,-0.05433553,0.4999136,0.5576583,-0.05433553,0.4999136
11.0987357,0.4631205,-0.1576141,0.4971934,0.5492595,-0.115379,0.5189021,0.5586699,-0.06265236,0.5006487,0.5586699,-0.06265236,0.5006487
11.1333061,0.462018,-0.1558942,0.4972404,0.5480165,-0.1129297,0.5185249,0.5602461,-0.06581424,0.5022468,0.5602461,-0.06581424,0.5022468
11.1662859,0.4615164,-0.1543832,0.4971061,0.5481241,-0.1110594,0.5184682,0.5600345,-0.06441976,0.5023066,0.5600345,-0.06441976,0.5023066
11.1992659,0.4612435,-0.1523345,0.4970392,0.5468897,-0.1077418,0.5179269,0.5558313,-0.05470772,0.4987264,0.5558313,-0.05470772,0.4987264
11.2337519,0.4600976,-0.1518117,0.4970601,0.5479436,-0.1057268,0.5178636,0.5556803,-0.05198553,0.4988343,0.5556803,-0.05198553,0.4988343
11.2647304,0.4590396,-0.1505604,0.4963766,0.5461974,-0.1041476,0.5169209,0.5597385,-0.06069739,0.5017558,0.5597385,-0.06069739,0.5017558
11.297687,0.4605331,-0.1465568,0.4963823,0.5459968,-0.09990419,0.5161227,0.5614232,-0.05257475,0.5019263,0.5614232,-0.05257475,0.5019263
11.3306666,0.4590992,-0.1455739,0.4959561,0.5454401,-0.09737891,0.514539,0.5536089,-0.03969675,0.4959608,0.5536089,-0.03969675,0.4959608
11.3648317,0.459823,-0.1429662,0.4955565,0.5461065,-0.09505738,0.5133835,0.5546205,-0.04711144,0.4977308,0.5546205,-0.04711144,0.4977308
11.3988106,0.460976,-0.139789,0.4948593,0.546625,-0.0907564,0.5118312,0.5534426,-0.0375048,0.4948074,0.5534426,-0.0375048,0.4948074
11.4307915,0.4612398,-0.1373992,0.493984,0.5475978,-0.08777971,0.5101543,0.5499206,-0.03445891,0.4909216,0.5499206,-0.03445891,0.4909216
11.4657684,0.4480867,-0.141317,0.488467,0.5494682,-0.0810817,0.5080476,0.5562755,-0.02026673,0.4927279,0.5562755,-0.02026673,0.4927279
11.498772,0.4428908,-0.1428985,0.4864198,0.5488765,-0.07632834,0.5064571,0.5556009,-0.01652627,0.4903179,0.5556009,-0.01652627,0.4903179
11.5317647,0.440194,-0.1430919,0.4855818,0.5471565,-0.07640813,0.5041203,0.5516236,-0.01740383,0.4870466,0.5516236,-0.01740383,0.4870466
11.5647432,0.4456835,-0.1392231,0.4856397,0.5445563,-0.07359569,0.5012667,0.5515983,-0.02276475,0.4882097,0.5515983,-0.02276475,0.4882097
11.598782,0.4537827,-0.133814,0.4870655,0.5420408,-0.07188784,0.498736,0.5474831,-0.02044458,0.4820781,0.5474831,-0.02044458,0.4820781
11.6307602,0.4601587,-0.1181571,0.4808114,0.5418097,-0.06774372,0.4968685,0.5474162,-0.008063979,0.4801493,0.5474162,-0.008063979,0.4801493
11.6649259,0.4604484,-0.1165957,0.4801901,0.5415852,-0.06559319,0.4939314,0.5418072,-0.001887918,0.4765028,0.5418072,-0.001887918,0.4765028
11.6978338,0.4605411,-0.1148083,0.4790286,0.5394804,-0.06224736,0.4911385,0.5504485,-0.01129184,0.4783415,0.5504485,-0.01129184,0.4783415
11.7318146,0.4615241,-0.1124313,0.477343,0.5400325,-0.06009869,0.4884828,0.5444363,-0.003982708,0.4740499,0.5444363,-0.003982708,0.4740499
11.7657372,0.4621706,-0.1102142,0.4750093,0.5398768,-0.05800252,0.4852258,0.54135,0.001174018,0.4695213,0.54135,0.001174018,0.4695213
11.8003809,0.4622841,-0.1086139,0.4734378,0.5395366,-0.05467069,0.4819871,0.5371033,0.01390582,0.4647228,0.5371033,0.01390582,0.4647228
11.8314505,0.4623775,-0.1063673,0.4715415,0.5416667,-0.0531417,0.4797841,0.545943,0.000659354,0.4663024,0.545943,0.000659354,0.4663024
11.8654316,0.4627562,-0.1046099,0.4695001,0.5425851,-0.05000514,0.477859,0.5413264,0.005154647,0.4622812,0.5413264,0.005154647,0.4622812
11.8984075,0.462262,-0.1032091,0.46821,0.5402546,-0.04755681,0.475877,0.5435908,0.004320957,0.4637572,0.5435908,0.004320957,0.4637572
11.9314046,0.4622355,-0.1016336,0.4662928,0.5428866,-0.04517864,0.4736084,0.5410146,0.0145142,0.4584268,0.5410146,0.0145142,0.4584268
11.9656925,0.4623463,-0.1001269,0.4646934,0.5406967,-0.04234831,0.4708409,0.5361336,0.01938061,0.453979,0.5361336,0.01938061,0.453979
11.999004,0.4611701,-0.09945515,0.462191,0.5382267,-0.04324047,0.4675505,0.5391394,0.01051507,0.4552936,0.5391394,0.01051507,0.4552936
12.0329831,0.4596949,-0.09934757,0.4596033,0.5368389,-0.04248721,0.4638717,0.5303373,0.02059163,0.4485114,0.5303373,0.02059163,0.4485114
12.0659644,0.4592698,-0.09917353,0.457953,0.5354778,-0.04179963,0.4605713,0.5306969,0.02416637,0.4443921,0.5306969,0.02416637,0.4443921
12.0989409,0.4587722,-0.09881159,0.4562708,0.5342182,-0.04207208,0.457503,0.5286794,0.0252421,0.4393928,0.5286794,0.0252421,0.4393928
12.1319237,0.456997,-0.09799165,0.452692,0.5328898,-0.04246212,0.4540451,0.5328459,0.009786904,0.4397662,0.5328459,0.009786904,0.4397662
12.1659708,0.4566591,-0.09782042,0.4504191,0.5337664,-0.04104291,0.4515837,0.5276065,0.02284022,0.4369386,0.5276065,0.02284022,0.4369386
12.1999495,0.4570315,-0.09750278,0.4483498,0.5333835,-0.03955184,0.4492286,0.5240399,0.0261746,0.4335999,0.5240399,0.0261746,0.4335999
12.2319307,0.4566957,-0.0967472,0.4452663,0.5310632,-0.04012571,0.4464065,0.5298355,0.01700325,0.4334302,0.5298355,0.01700325,0.4334302
12.266908,0.4559377,-0.09595393,0.4423198,0.5322852,-0.03898741,0.4434808,0.5249966,0.02600195,0.4315234,0.5249966,0.02600195,0.4315234
12.2999653,0.4560978,-0.0956078,0.441149,0.5327169,-0.03883202,0.4415981,0.5304531,0.01586207,0.4281064,0.5304531,0.01586207,0.4281064
12.3309475,0.4562886,-0.09475543,0.4395416,0.5295416,-0.03601557,0.4393817,0.5206262,0.03348552,0.4267552,0.5206262,0.03348552,0.4267552
12.3649436,0.4559211,-0.0930857,0.4370759,0.5294102,-0.03561964,0.4371306,0.5263741,0.02483647,0.4273298,0.5263741,0.02483647,0.4273298
12.3979334,0.4554292,-0.09158469,0.4347346,0.5297179,-0.03177052,0.4352704,0.5167098,0.03527894,0.4238137,0.5167098,0.03527894,0.4238137
12.4316609,0.4552056,-0.09029083,0.4330108,0.5291252,-0.03394938,0.4330609,0.5209955,0.033161,0.4175381,0.5209955,0.033161,0.4175381
12.4645215,0.4554328,-0.08950163,0.4316782,0.5300546,-0.02960663,0.431395,0.5177443,0.03568705,0.4192829,0.5177443,0.03568705,0.4192829
12.497505,0.454917,-0.08796465,0.4296995,0.528809,-0.03048816,0.4291278,0.5226586,0.03051592,0.4188377,0.5226586,0.03051592,0.4188377
12.5315028,0.4543946,-0.08519532,0.4271407,0.5268524,-0.02798049,0.4264242,0.5149515,0.0425544,0.4093331,0.5149515,0.0425544,0.4093331
12.5649146,0.4544995,-0.0841393,0.425586,0.5260364,-0.02669775,0.4243183,0.5174421,0.04100285,0.4144543,0.5174421,0.04100285,0.4144543
12.5999171,0.455231,-0.08241143,0.4236113,0.5283768,-0.0258828,0.421981,0.5165312,0.04921596,0.4071537,0.5165312,0.04921596,0.4071537
12.6318156,0.4541173,-0.08120392,0.4215842,0.5267627,-0.02349617,0.4195315,0.5084189,0.0484255,0.4079627,0.5084189,0.0484255,0.4079627
12.6657953,0.4534931,-0.08147681,0.4205118,0.5242709,-0.0249653,0.4169731,0.5143883,0.04552759,0.4075259,0.5143883,0.04552759,0.4075259
12.6987373,0.4532726,-0.08123298,0.4188908,0.5245197,-0.02539647,0.4142323,0.5157887,0.0472638,0.3996702,0.5157887,0.0472638,0.3996702
12.7317183,0.4518942,-0.0821517,0.4168967,0.5215009,-0.02530432,0.4110223,0.5073384,0.04593256,0.3926703,0.5073384,0.04593256,0.3926703
12.7653247,0.4523672,-0.08105467,0.4148425,0.5229828,-0.0235853,0.408649,0.5062755,0.04798567,0.3967597,0.5062755,0.04798567,0.3967597
12.7993036,0.4515967,-0.08122776,0.4129822,0.5236834,-0.02334847,0.4059232,0.5117552,0.04757472,0.3970371,0.5117552,0.04757472,0.3970371
12.8312861,0.4514397,-0.08113121,0.4117829,0.5221715,-0.0249773,0.403293,0.5130484,0.03602841,0.3883244,0.5130484,0.03602841,0.3883244
12.8652635,0.453776,-0.07730205,0.4085854,0.5229768,-0.01949981,0.3999902,0.5056039,0.05897668,0.3844139,0.5056039,0.05897668,0.3844139
12.898345,0.4166007,-0.1132148,0.4039547,0.5262252,-0.01712114,0.397567,0.501433,0.05482598,0.384604,0.501433,0.05482598,0.384604
12.9333234,0.4163802,-0.1135916,0.4033664,0.5241879,-0.0166105,0.3947275,0.5080764,0.05437454,0.3810809,0.5080764,0.05437454,0.3810809
12.9653033,0.4575318,-0.06830752,0.3937343,0.5242221,-0.0140866,0.3920196,0.5039359,0.05835931,0.377986,0.5039359,0.05835931,0.377986
12.9992841,0.4090228,-0.1164144,0.3963958,0.5269337,-0.01327021,0.3888833,0.5079318,0.05969969,0.3757086,0.5079318,0.05969969,0.3757086
13.0312776,0.4115639,-0.1151409,0.3957177,0.5247849,-0.01401235,0.387168,0.5057955,0.05412429,0.3720893,0.5057955,0.05412429,0.3720893
13.0672568,0.444628,-0.07718682,0.387422,0.522441,-0.01375119,0.3852593,0.5044365,0.0568806,0.3731693,0.5044365,0.0568806,0.3731693
13.0992465,0.4248482,-0.1067039,0.388674,0.5215046,-0.01970013,0.3837619,0.5072182,0.03982554,0.3685378,0.5072182,0.03982554,0.3685378
13.1318927,0.4287713,-0.103657,0.38744,0.521552,-0.016765,0.3814287,0.5006636,0.05595802,0.3685094,0.5006636,0.05595802,0.3685094
13.165872,0.4293652,-0.1023021,0.3871972,0.5198296,-0.02077729,0.3801442,0.4976544,0.05958925,0.3595311,0.4976544,0.05958925,0.3595311
13.1988903,0.4275882,-0.1026634,0.3868363,0.5193995,-0.01608317,0.3771636,0.5045614,0.05046374,0.3659049,0.5045614,0.05046374,0.3659049
13.2314232,0.4250022,-0.1032934,0.3863428,0.5238148,-0.01467272,0.3755574,0.4970406,0.05782985,0.3571349,0.4970406,0.05782985,0.3571349
13.2674014,0.4221485,-0.1043255,0.386184,0.5187026,-0.01579142,0.3731891,0.4991887,0.05798495,0.3637757,0.4991887,0.05798495,0.3637757
13.2994211,0.4232961,-0.1019168,0.3837706,0.5227964,-0.01239739,0.3704742,0.5011479,0.06031238,0.3561163,0.5011479,0.06031238,0.3561163
13.3333951,0.4231901,-0.1019899,0.3829523,0.5253183,-0.01130246,0.3678079,0.504806,0.05677348,0.3569114,0.504806,0.05677348,0.3569114
13.3663911,0.4211539,-0.1022738,0.3804686,0.5269729,-0.0114903,0.3649267,0.5070595,0.06054148,0.3510584,0.5070595,0.06054148,0.3510584
13.3993876,0.4182261,-0.1027706,0.3784959,0.5241175,-0.01119228,0.3620205,0.5013933,0.06035671,0.3474884,0.5013933,0.06035671,0.3474884
13.4313854,0.4187834,-0.1025915,0.3768495,0.5281757,-0.01118089,0.3594318,0.5108241,0.05825882,0.3464973,0.5108241,0.05825882,0.3464973
13.4658672,0.4195523,-0.1025568,0.3755144,0.5266387,-0.01063094,0.3569356,0.5046124,0.06008505,0.3432947,0.5046124,0.06008505,0.3432947
13.4978578,0.419027,-0.102983,0.3741069,0.5242407,-0.01034225,0.3547536,0.5050477,0.05796058,0.3440757,0.5050477,0.05796058,0.3440757
13.5318566,0.4158682,-0.105737,0.3716961,0.5271367,-0.01051953,0.3520375,0.5104477,0.05918612,0.3391914,0.5104477,0.05918612,0.3391914
13.5658342,0.4167453,-0.1050229,0.3707935,0.5267986,-0.009764574,0.3504467,0.503849,0.0586113,0.3379171,0.503849,0.0586113,0.3379171
13.5991141,0.4174392,-0.1048246,0.3699993,0.5253149,-0.01267268,0.3486338,0.5090822,0.06222752,0.3350679,0.5090822,0.06222752,0.3350679
13.6302817,0.4164289,-0.1052086,0.3685763,0.5258965,-0.01405773,0.3475998,0.4999809,0.05844801,0.3329403,0.4999809,0.05844801,0.3329403
13.6652662,0.4177251,-0.1041754,0.3661203,0.529127,-0.008408122,0.3446882,0.5057206,0.06080198,0.3317084,0.5057206,0.06080198,0.3317084
13.6982426,0.4187837,-0.1033159,0.3640411,0.5319278,-0.009971261,0.3427528,0.5092634,0.05860824,0.3307195,0.5092634,0.05860824,0.3307195
13.7321747,0.4188426,-0.1030911,0.3623692,0.5312891,-0.00821279,0.3404156,0.5049757,0.06888961,0.3280885,0.5049757,0.06888961,0.3280885
13.7649301,0.4175085,-0.1033464,0.3600756,0.5322286,-0.007331364,0.3380317,0.5073825,0.06175535,0.327204,0.5073825,0.06175535,0.327204
13.7999211,0.4157816,-0.1036485,0.3578422,0.5331634,-0.00596153,0.3354854,0.5077146,0.06576661,0.3224967,0.5077146,0.06576661,0.3224967
13.8306868,0.4133213,-0.104352,0.3556022,0.5343065,-0.006341778,0.3324817,0.5100818,0.06462711,0.3194301,0.5100818,0.06462711,0.3194301
13.8666646,0.4129586,-0.1047065,0.3538759,0.5352781,-0.00505434,0.3302161,0.5122495,0.06557366,0.3173309,0.5122495,0.06557366,0.3173309
13.8986813,0.4362409,-0.0785292,0.3484091,0.5345261,-0.004839756,0.3281083,0.5127426,0.06473555,0.3148064,0.5127426,0.06473555,0.3148064
13.9326494,0.4240398,-0.09526587,0.3445286,0.537334,-0.003462426,0.3256875,0.5086397,0.06386182,0.3115755,0.5086397,0.06386182,0.3115755
13.9651774,0.4055328,-0.102925,0.3430921,0.5360981,-0.002797,0.3238797,0.5077369,0.06671166,0.3099691,0.5077369,0.06671166,0.3099691
13.9981743,0.4393808,-0.08282323,0.3467503,0.5360761,-0.002632357,0.3227944,0.5094754,0.0635725,0.3096604,0.5094754,0.0635725,0.3096604
14.0309883,0.4365968,-0.07729794,0.3514687,0.5363543,-0.003851019,0.3222091,0.5125643,0.06188525,0.3090506,0.5125643,0.06188525,0.3090506
14.0669822,0.4369929,-0.07738503,0.3513542,0.5370095,-0.004073009,0.3218954,0.5139251,0.06246023,0.308689,0.5139251,0.06246023,0.308689
14.0989621,0.4193976,-0.09328871,0.3355443,0.5351185,-0.001882374,0.3208493,0.5079865,0.06709428,0.3077373,0.5079865,0.06709428,0.3077373
14.1319558,0.4389135,-0.08367058,0.3460375,0.5377141,-0.001761176,0.3203382,0.5112308,0.06509155,0.3081506,0.5112308,0.06509155,0.3081506
14.1650452,0.4388192,-0.08374938,0.3460951,0.5356094,-0.0009154081,0.3198844,0.5096018,0.06596832,0.3088108,0.5096018,0.06596832,0.3088108
14.198796,0.4128667,-0.1000431,0.3414862,0.5377315,-0.001483105,0.3194053,0.5106571,0.06452549,0.3080252,0.5106571,0.06452549,0.3080252
14.2315715,0.4127629,-0.100108,0.3415239,0.5362366,-0.001722008,0.3188681,0.5086771,0.06525192,0.3070411,0.5086771,0.06525192,0.3070411
14.2659531,0.4126368,-0.1002157,0.3415785,0.5377725,-0.00251393,0.3186903,0.5111575,0.06523176,0.3065512,0.5111575,0.06523176,0.3065512
14.298932,0.4122674,-0.1001223,0.3414795,0.5389853,-0.002779178,0.3177518,0.5105869,0.06799822,0.3057884,0.5105869,0.06799822,0.3057884
14.3325874,0.3987236,-0.1062821,0.3423662,0.537225,-0.001904562,0.3166862,0.5052022,0.06901624,0.3032349,0.5052022,0.06901624,0.3032349
14.3663812,0.391965,-0.108387,0.3412237,0.5394446,-0.004176885,0.3159464,0.5091946,0.06672782,0.3050648,0.5091946,0.06672782,0.3050648
14.4003951,0.3887348,-0.109714,0.3412542,0.5405099,-0.004361205,0.3148292,0.509928,0.06604917,0.3032814,0.509928,0.06604917,0.3032814
14.4324109,0.3862017,-0.1108112,0.3412915,0.5424722,-0.003835544,0.3133018,0.5120189,0.06589117,0.3019423,0.5120189,0.06589117,0.3019423
14.4653916,0.3827279,-0.1117393,0.3403561,0.5426271,-0.00441435,0.3135165,0.5113027,0.0661077,0.3026601,0.5113027,0.0661077,0.3026601
14.4974234,0.3899722,-0.1091385,0.3341346,0.5432868,-0.00251849,0.312796,0.5063568,0.06502044,0.2982375,0.5063568,0.06502044,0.2982375
14.5324018,0.3930594,-0.1086627,0.3317565,0.5406837,-0.004546985,0.3121802,0.5083849,0.06535247,0.301103,0.5083849,0.06535247,0.301103
14.5653957,0.394599,-0.1083955,0.3308374,0.5416248,-0.004270054,0.3120383,0.5088412,0.06556274,0.3010466,0.5088412,0.06556274,0.3010466
14.5993732,0.3954049,-0.1082881,0.33003,0.5406904,-0.004589483,0.3118194,0.5077374,0.06450471,0.2992471,0.5077374,0.06450471,0.2992471
14.6302311,0.407977,-0.1009613,0.3287796,0.5383389,-0.004552662,0.3111476,0.5056024,0.06459157,0.29887,0.5056024,0.06459157,0.29887
14.6661316,0.4062356,-0.1025511,0.3280015,0.5379878,-0.00444822,0.3115073,0.5077267,0.06408704,0.3001534,0.5077267,0.06408704,0.3001534
14.6981115,0.3779224,-0.1138107,0.3375768,0.5398971,-0.003230169,0.3123411,0.5085242,0.06416872,0.3011839,0.5085242,0.06416872,0.3011839
14.7317547,0.3894596,-0.1100507,0.3314017,0.5383384,-0.003166415,0.3121972,0.5086291,0.06484571,0.3014561,0.5086291,0.06484571,0.3014561
14.7647334,0.39143,-0.1095262,0.3306817,0.5377564,-0.003023759,0.3124911,0.5096074,0.06398498,0.3017268,0.5096074,0.06398498,0.3017268
14.7987134,0.3814797,-0.1129438,0.3354745,0.5385475,-0.004257068,0.3132773,0.512715,0.0645154,0.30172,0.512715,0.0645154,0.30172
14.8307827,0.3813287,-0.1130553,0.3355488,0.5375211,-0.00459405,0.313775,0.5098405,0.06509512,0.3022804,0.5098405,0.06509512,0.3022804
14.8677605,0.3781767,-0.1138651,0.3369094,0.5377499,-0.004968867,0.3138713,0.5098122,0.06386806,0.302271,0.5098122,0.06386806,0.302271
14.8987408,0.3777285,-0.1139627,0.337226,0.5379303,-0.00360667,0.3142712,0.510237,0.06441633,0.3023443,0.510237,0.06441633,0.3023443
14.9317734,0.3775971,-0.1140454,0.3369749,0.5374736,-0.003609814,0.3133686,0.5093199,0.0642866,0.3022151,0.5093199,0.0642866,0.3022151
14.9653143,0.3868452,-0.1111127,0.3322,0.5382236,-0.004418001,0.3138416,0.5099357,0.0646615,0.301933,0.5099357,0.0646615,0.301933
14.9990537,0.3823347,-0.1127332,0.3346144,0.536299,-0.004531518,0.3135334,0.5090911,0.06502248,0.3023381,0.5090911,0.06502248,0.3023381
15.0435219,0.3894281,-0.110613,0.3321857,0.5376769,-0.004082911,0.3138681,0.510756,0.06423207,0.3021836,0.510756,0.06423207,0.3021836
15.0665066,0.3901953,-0.110236,0.3312785,0.5364715,-0.003700651,0.3139715,0.5090356,0.06472374,0.3026381,0.5090356,0.06472374,0.3026381
15.099485,0.3852572,-0.1122623,0.3338597,0.5363218,-0.004796371,0.3142603,0.5092566,0.06441084,0.3023847,0.5092566,0.06441084,0.3023847
