40.0392231,0.1933687,-0.2723406,0.5941964,0.1996197,-0.248758,0.6506871,0.2130935,-0.2934008,0.6877636,0.2130935,-0.2934008,0.6877636
40.0636215,0.1510087,-0.2661456,0.6137694,0.1600804,-0.2415404,0.658425,0.1948538,-0.178298,0.6185777,0.1948538,-0.178298,0.6185777
40.0932666,0.1449949,-0.2683185,0.5799246,0.1529267,-0.2415792,0.6304852,0.1892979,-0.1810659,0.5819705,0.1892979,-0.1810659,0.5819705
40.1262746,0.1439697,-0.2652748,0.5755552,0.1497329,-0.2373712,0.6289734,0.1646649,-0.1771655,0.5777116,0.1646649,-0.1771655,0.5777116
40.1602898,0.1428003,-0.263894,0.5724705,0.1470544,-0.235763,0.6302556,0.1691332,-0.1720851,0.5762612,0.1691332,-0.1720851,0.5762612
40.1928486,0.1410092,-0.2627309,0.5703792,0.1479838,-0.2343877,0.6286359,0.1728941,-0.169809,0.5738941,0.1728941,-0.169809,0.5738941
40.2314233,0.1399951,-0.2613264,0.5680922,0.1464701,-0.2330901,0.6274843,0.1768326,-0.1710977,0.5720997,0.1768326,-0.1710977,0.5720997
40.392704,0.1369925,-0.2586937,0.5637239,0.1419884,-0.2326654,0.6240426,0.1690034,-0.1696827,0.5715203,0.1690034,-0.1696827,0.5715203
40.4264642,0.1364373,-0.2578358,0.5639253,0.1412703,-0.2332748,0.6263021,0.168245,-0.1693981,0.5710943,0.168245,-0.1693981,0.5710943
40.4607564,0.1359158,-0.2572151,0.5638261,0.1399717,-0.2328235,0.6258747,0.1688321,-0.1711549,0.5702381,0.1688321,-0.1711549,0.5702381
40.4924684,0.1348006,-0.2569309,0.563244,0.1393268,-0.23307,0.6234058,0.1652889,-0.1704598,0.57048,0.1652889,-0.1704598,0.57048
40.5586095,0.1337901,-0.2570127,0.5635839,0.1376996,-0.2343502,0.6245665,0.1649808,-0.1716382,0.5705142,0.1649808,-0.1716382,0.5705142
40.5746008,0.1319336,-0.256736,0.5640059,0.1363156,-0.2349114,0.625288,0.1677129,-0.1724262,0.5715474,0.1677129,-0.1724262,0.5715474
40.6601672,0.1280107,-0.2567089,0.5664907,0.1331397,-0.2371977,0.6277659,0.1610862,-0.1718486,0.575591,0.1610862,-0.1718486,0.575591
40.6926567,0.1264386,-0.2569141,0.5670547,0.1323146,-0.2375856,0.6279286,0.1615412,-0.1706761,0.5774331,0.1615412,-0.1706761,0.5774331
40.7256387,0.1254588,-0.2571374,0.5676935,0.1307106,-0.238336,0.6291867,0.1581911,-0.1740685,0.5757726,0.1581911,-0.1740685,0.5757726
40.7672999,0.1244777,-0.2575144,0.5682777,0.130957,-0.238769,0.6293765,0.1577122,-0.173342,0.5774459,0.1577122,-0.173342,0.5774459
40.8002994,0.1239949,-0.257612,0.5687467,0.129611,-0.2388953,0.6300189,0.1639079,-0.1726132,0.5768199,0.1639079,-0.1726132,0.5768199
40.8322777,0.1233245,-0.2577282,0.56876,0.1306174,-0.2388196,0.6305083,0.1630095,-0.1724671,0.5777723,0.1630095,-0.1724671,0.5777723
40.8622712,0.1233469,-0.2577709,0.5687731,0.1308583,-0.238979,0.6306963,0.1602637,-0.172581,0.579182,0.1602637,-0.172581,0.579182
40.8959152,0.1230363,-0.2580538,0.5688108,0.1320549,-0.239335,0.6298681,0.1617613,-0.1719914,0.5788699,0.1617613,-0.1719914,0.5788699
40.9283206,0.1228321,-0.2582985,0.5690841,0.1319257,-0.2403618,0.6301656,0.1630545,-0.1717738,0.5793217,0.1630545,-0.1717738,0.5793217
40.962314,0.1231748,-0.2582828,0.5692943,0.1327969,-0.2407126,0.6302493,0.1577166,-0.1725047,0.5810339,0.1577166,-0.1725047,0.5810339
40.9944474,0.1231465,-0.2590141,0.5696014,0.1331999,-0.2413363,0.6301754,0.1605411,-0.1737701,0.5802314,0.1605411,-0.1737701,0.5802314
41.0282992,0.1232965,-0.2592594,0.5700311,0.1342059,-0.2419446,0.6313697,0.1633492,-0.1727332,0.5790322,0.1633492,-0.1727332,0.5790322
41.064311,0.1234343,-0.2596011,0.5704508,0.1350288,-0.2421356,0.6310673,0.164353,-0.1721423,0.5797977,0.164353,-0.1721423,0.5797977
41.0972893,0.1235765,-0.2599485,0.5706253,0.135645,-0.2428824,0.6308681,0.1631339,-0.1742004,0.5797257,0.1631339,-0.1742004,0.5797257
41.1292667,0.1238804,-0.2602189,0.5707865,0.1362695,-0.2427818,0.6304743,0.1625777,-0.1739342,0.5800056,0.1625777,-0.1739342,0.5800056
41.1592494,0.12404,-0.2605201,0.570998,0.1361823,-0.2429405,0.6311831,0.1656713,-0.1715854,0.5794593,0.1656713,-0.1715854,0.5794593
41.3264408,0.1246581,-0.2642972,0.5720949,0.1400028,-0.2465888,0.6326788,0.1666402,-0.175964,0.5790714,0.1666402,-0.175964,0.5790714
41.3595294,0.125012,-0.2652574,0.5722294,0.1421299,-0.247408,0.6321831,0.1696148,-0.1780626,0.5786061,0.1696148,-0.1780626,0.5786061
41.5254681,0.1263652,-0.2674043,0.57239,0.1462476,-0.2480209,0.6308913,0.1716349,-0.1794399,0.576466,0.1716349,-0.1794399,0.576466
41.5616699,0.1267784,-0.2677824,0.5723031,0.1473048,-0.2485646,0.6304289,0.1746579,-0.177885,0.5766435,0.1746579,-0.177885,0.5766435
41.5924385,0.1272714,-0.2678973,0.5723805,0.149398,-0.2485292,0.6299438,0.1796426,-0.1784223,0.5761021,0.1796426,-0.1784223,0.5761021
41.6265838,0.1281103,-0.2683956,0.5723174,0.1503994,-0.2497478,0.6319321,0.1857461,-0.182515,0.5746038,0.1857461,-0.182515,0.5746038
41.6594553,0.1288819,-0.2688519,0.572418,0.151152,-0.249674,0.6316352,0.1854291,-0.1820067,0.574753,0.1854291,-0.1820067,0.574753
41.6928524,0.1296644,-0.2693356,0.5723231,0.1519568,-0.2501093,0.631387,0.1530756,-0.1896325,0.5800769,0.1530756,-0.1896325,0.5800769
41.7268298,0.1299106,-0.2698151,0.5723889,0.153239,-0.2509687,0.6307678,0.1813633,-0.1816403,0.5765284,0.1813633,-0.1816403,0.5765284
41.7607609,0.1301233,-0.2700853,0.5723782,0.1520001,-0.2516512,0.6310694,0.1757916,-0.1852268,0.5763252,0.1757916,-0.1852268,0.5763252
41.79295,0.1306047,-0.2705457,0.57227,0.1539916,-0.2514074,0.6303652,0.1845495,-0.1839814,0.5751273,0.1845495,-0.1839814,0.5751273
41.8273548,0.1310334,-0.271113,0.5722475,0.1529845,-0.2517122,0.6317077,0.1818831,-0.1839759,0.5767399,0.1818831,-0.1839759,0.5767399
41.859722,0.1313696,-0.2717572,0.5720271,0.1549191,-0.2519305,0.6303152,0.1790724,-0.1837744,0.5770491,0.1790724,-0.1837744,0.5770491
41.8937168,0.1315396,-0.2723277,0.571676,0.1557766,-0.2534581,0.6293158,0.1860335,-0.1879097,0.5741293,0.1860335,-0.1879097,0.5741293
41.9268069,0.1316272,-0.2727471,0.5715606,0.1552305,-0.2540107,0.6297764,0.1842073,-0.1863587,0.5750911,0.1842073,-0.1863587,0.5750911
41.9603541,0.1324832,-0.2735741,0.5709074,0.1560386,-0.2542472,0.6294495,0.1878233,-0.1857336,0.5748627,0.1878233,-0.1857336,0.5748627
42.0617152,0.1330595,-0.275062,0.5707924,0.1564556,-0.2556799,0.6289113,0.1864913,-0.189551,0.5747461,0.1864913,-0.189551,0.5747461
42.0946942,0.1333005,-0.2755954,0.5706623,0.1560405,-0.2569421,0.6287706,0.186535,-0.1902353,0.5740202,0.186535,-0.1902353,0.5740202
42.1257231,0.1335472,-0.27601,0.5704861,0.1571887,-0.2567831,0.6282546,0.1864934,-0.1896005,0.5742102,0.1864934,-0.1896005,0.5742102
42.1607094,0.1338316,-0.2764076,0.5700465,0.1580346,-0.2565671,0.6280772,0.1884038,-0.1887395,0.5747108,0.1884038,-0.1887395,0.5747108
42.1937161,0.1342273,-0.276763,0.569703,0.158729,-0.2565889,0.6273037,0.1874295,-0.1897297,0.5738541,0.1874295,-0.1897297,0.5738541
42.2376908,0.1346051,-0.2771624,0.5691123,0.1581573,-0.2569082,0.6284851,0.1870893,-0.1891347,0.5746031,0.1870893,-0.1891347,0.5746031
42.3277268,0.1345427,-0.277631,0.5687544,0.15753,-0.2573135,0.6287709,0.1888484,-0.1897908,0.5739886,0.1888484,-0.1897908,0.5739886
42.359122,0.134403,-0.2776421,0.5689053,0.1580759,-0.2570714,0.628298,0.1874201,-0.1890122,0.5744829,0.1874201,-0.1890122,0.5744829
42.5263306,0.1346757,-0.278368,0.5691534,0.1564291,-0.2585528,0.6283966,0.1856979,-0.1884238,0.5756223,0.1856979,-0.1884238,0.5756223
42.5613105,0.1348763,-0.2785381,0.5691935,0.1571763,-0.2584032,0.6284226,0.1837808,-0.1884814,0.5756755,0.1837808,-0.1884814,0.5756755
42.59229,0.1349064,-0.2787096,0.569178,0.1555742,-0.2588219,0.6288721,0.1848667,-0.188288,0.5761952,0.1848667,-0.188288,0.5761952
42.6252687,0.1347871,-0.2787893,0.5692294,0.1568002,-0.2589191,0.6311527,0.1873503,-0.1884862,0.5760219,0.1873503,-0.1884862,0.5760219
42.6601907,0.1347964,-0.2788766,0.5693101,0.1578925,-0.2586295,0.6303728,0.1891387,-0.1888733,0.5758768,0.1891387,-0.1888733,0.5758768
42.6931748,0.1348838,-0.278975,0.5693372,0.1566628,-0.2588875,0.6306145,0.185395,-0.1885053,0.5759612,0.185395,-0.1885053,0.5759612
42.7261501,0.1350034,-0.2790581,0.5692369,0.1568785,-0.2589388,0.6307444,0.1869332,-0.1891872,0.5759506,0.1869332,-0.1891872,0.5759506
42.7603051,0.1351639,-0.2791544,0.5691573,0.1578048,-0.259389,0.6308023,0.1873977,-0.1911487,0.5748706,0.1873977,-0.1911487,0.5748706
42.7926564,0.1353413,-0.2792812,0.5690612,0.1584715,-0.2592111,0.6305034,0.1904937,-0.1918876,0.5743573,0.1904937,-0.1918876,0.5743573
42.8277059,0.1355069,-0.2792813,0.5689535,0.1588764,-0.2587191,0.6303277,0.1855812,-0.1900109,0.5754132,0.1855812,-0.1900109,0.5754132
42.8595611,0.1355429,-0.2793616,0.5690349,0.1580931,-0.2588965,0.6306797,0.1851946,-0.1901432,0.5754369,0.1851946,-0.1901432,0.5754369
42.8946378,0.1355673,-0.2794335,0.5689772,0.1593882,-0.2585499,0.6300377,0.18722,-0.190667,0.5747743,0.18722,-0.190667,0.5747743
42.9292883,0.1358798,-0.2795297,0.569019,0.1595936,-0.258657,0.6298224,0.1880796,-0.190919,0.5747095,0.1880796,-0.190919,0.5747095
42.9622664,0.136182,-0.2795586,0.5692254,0.158865,-0.2586051,0.6298993,0.1864452,-0.1895997,0.5754383,0.1864452,-0.1895997,0.5754383
42.9930397,0.1362013,-0.2795876,0.5693742,0.1596645,-0.2590164,0.6293058,0.1878026,-0.1910267,0.5752653,0.1878026,-0.1910267,0.5752653
43.0341516,0.1364886,-0.279742,0.5692754,0.1601808,-0.2594661,0.6298212,0.186605,-0.1908253,0.5752187,0.186605,-0.1908253,0.5752187
43.069123,0.1366804,-0.2797989,0.5693393,0.1605294,-0.2598093,0.6299396,0.1874624,-0.1910063,0.5753525,0.1874624,-0.1910063,0.5753525
43.0967348,0.1369184,-0.2798502,0.5693361,0.1613495,-0.2598337,0.6293984,0.1898357,-0.1914574,0.574816,0.1898357,-0.1914574,0.574816
43.1287145,0.1372781,-0.27995,0.5693731,0.1619461,-0.2604207,0.628924,0.1895379,-0.1902387,0.575406,0.1895379,-0.1902387,0.575406
43.160695,0.1377198,-0.2801381,0.5690696,0.1630274,-0.2602408,0.6276363,0.1899307,-0.1901928,0.5752243,0.1899307,-0.1901928,0.5752243
43.1937192,0.1381496,-0.2803435,0.5688416,0.1627796,-0.2607165,0.6280129,0.1879829,-0.1903331,0.5755309,0.1879829,-0.1903331,0.5755309
43.2274516,0.1386833,-0.2804779,0.5685248,0.1635981,-0.2615141,0.6283483,0.1910007,-0.1938934,0.5741727,0.1910007,-0.1938934,0.5741727
43.328893,0.1392862,-0.2815926,0.567621,0.1632937,-0.2631307,0.6279278,0.1950098,-0.1941566,0.5738567,0.1950098,-0.1941566,0.5738567
43.3610056,0.1393045,-0.2818125,0.5675983,0.1636857,-0.2631591,0.6273643,0.195375,-0.1936812,0.5738475,0.195375,-0.1936812,0.5738475
43.3937146,0.1392592,-0.2820711,0.5678383,0.1628476,-0.2635497,0.6274993,0.1919152,-0.1933061,0.5744215,0.1919152,-0.1933061,0.5744215
43.4275527,0.1392059,-0.2821915,0.5678523,0.1624157,-0.2633296,0.6274011,0.1902344,-0.1927247,0.5746955,0.1902344,-0.1927247,0.5746955
43.4603043,0.139415,-0.2824131,0.5679669,0.1640074,-0.2632692,0.6269212,0.1934586,-0.1930781,0.5740715,0.1934586,-0.1930781,0.5740715
43.4944152,0.1392846,-0.2825156,0.5679672,0.1623468,-0.2634414,0.6274049,0.1896808,-0.1922384,0.5751204,0.1896808,-0.1922384,0.5751204
43.5264465,0.1394216,-0.2825997,0.5680234,0.162218,-0.2629564,0.6271038,0.1906073,-0.1924972,0.5749368,0.1906073,-0.1924972,0.5749368
43.5603653,0.1389967,-0.2826315,0.5680814,0.164205,-0.262989,0.6262323,0.1946344,-0.1957593,0.5734268,0.1946344,-0.1957593,0.5734268
43.6598756,0.1391264,-0.2828936,0.5681929,0.1626846,-0.262808,0.626802,0.191571,-0.1948725,0.5741329,0.191571,-0.1948725,0.5741329
43.6944579,0.1391191,-0.2829707,0.5681857,0.1622415,-0.2627209,0.6267383,0.1918291,-0.1952348,0.5739102,0.1918291,-0.1952348,0.5739102
43.7929503,0.1393273,-0.2832152,0.5682086,0.1628727,-0.2633498,0.6300635,0.1900896,-0.1946804,0.5741559,0.1900896,-0.1946804,0.5741559
43.830419,0.139402,-0.2832799,0.5682877,0.1637087,-0.2630292,0.6290647,0.1910274,-0.1948132,0.574035,0.1910274,-0.1948132,0.574035
43.8653993,0.1395057,-0.2833496,0.5682858,0.1636174,-0.2632464,0.6292654,0.1937482,-0.1955576,0.573032,0.1937482,-0.1955576,0.573032
43.8998402,0.1396055,-0.2834204,0.5682409,0.1634548,-0.262787,0.6294685,0.1882508,-0.1943797,0.5743236,0.1882508,-0.1943797,0.5743236
43.9334213,0.1396596,-0.2835197,0.5682176,0.1633409,-0.263147,0.6293024,0.1927056,-0.1952929,0.573494,0.1927056,-0.1952929,0.573494
43.9694003,0.1397179,-0.2836155,0.568002,0.1645087,-0.263312,0.6292395,0.1918324,-0.1955512,0.5729681,0.1918324,-0.1955512,0.5729681
43.9938925,0.1396567,-0.2837198,0.5679232,0.1633905,-0.2636703,0.6294413,0.1914475,-0.1952581,0.5736051,0.1914475,-0.1952581,0.5736051
44.0274241,0.1396403,-0.2838385,0.5678174,0.1632847,-0.2636792,0.6292792,0.1893492,-0.1952878,0.5736778,0.1893492,-0.1952878,0.5736778
44.0663993,0.1395324,-0.2838699,0.5678517,0.1632371,-0.2636261,0.6288509,0.1908934,-0.1945675,0.5739864,0.1908934,-0.1945675,0.5739864
44.0953951,0.1394153,-0.2840126,0.5677596,0.1637043,-0.2634673,0.6288365,0.1933585,-0.1957096,0.5732557,0.1933585,-0.1957096,0.5732557
44.1261065,0.1393276,-0.2841271,0.5677353,0.163606,-0.2633207,0.6288404,0.1937435,-0.1954532,0.573028,0.1937435,-0.1954532,0.573028
44.1619882,0.1394445,-0.2842621,0.5676729,0.1645057,-0.2634089,0.6284775,0.197755,-0.1957175,0.57257,0.197755,-0.1957175,0.57257
44.1929522,0.1394494,-0.2843228,0.5676035,0.1638345,-0.2632713,0.6285097,0.1933764,-0.194893,0.5738432,0.1933764,-0.194893,0.5738432
44.2261945,0.1394752,-0.2843712,0.5675302,0.163389,-0.2631891,0.6286995,0.1903994,-0.1952648,0.5738961,0.1903994,-0.1952648,0.5738961
44.2599372,0.139487,-0.2844555,0.5674242,0.1634772,-0.2632271,0.6289415,0.1908544,-0.1953393,0.5737687,0.1908544,-0.1953393,0.5737687
44.2939181,0.1394782,-0.284476,0.5672981,0.1642543,-0.2632195,0.6286073,0.1962485,-0.1958835,0.5730228,0.1962485,-0.1958835,0.5730228
44.3979671,0.1404321,-0.2847726,0.5664054,0.1655134,-0.2639547,0.6276291,0.1969855,-0.1961508,0.5729622,0.1969855,-0.1961508,0.5729622
44.4304601,0.1408135,-0.284893,0.5661119,0.1663146,-0.2638809,0.6270912,0.1957834,-0.1950206,0.5728528,0.1957834,-0.1950206,0.5728528
44.4628068,0.1413369,-0.2848903,0.5657025,0.1687641,-0.2643623,0.62616,0.1966472,-0.1978728,0.5718672,0.1966472,-0.1978728,0.5718672
44.494759,0.1417863,-0.2849973,0.5655249,0.1682543,-0.2648498,0.6263207,0.1936836,-0.1974762,0.5724628,0.1936836,-0.1974762,0.5724628
44.5265779,0.1423523,-0.2850558,0.5653579,0.1683065,-0.2656518,0.6266559,0.1954361,-0.1990189,0.5717338,0.1954361,-0.1990189,0.5717338
44.5606091,0.1430837,-0.2850893,0.5648843,0.1698787,-0.2660357,0.6258327,0.1993887,-0.1993552,0.5701182,0.1993887,-0.1993552,0.5701182
44.6595,0.1456335,-0.2852883,0.5631754,0.1743673,-0.2663165,0.6234053,0.2032526,-0.1991388,0.5690357,0.2032526,-0.1991388,0.5690357
44.6929499,0.1462712,-0.2852278,0.5623739,0.1727601,-0.265881,0.6192018,0.2040739,-0.197457,0.5698559,0.2040739,-0.197457,0.5698559
44.7934046,0.1485469,-0.2847877,0.5609642,0.1749448,-0.2644131,0.6182581,0.2024188,-0.1986858,0.5690955,0.2024188,-0.1986858,0.5690955
44.8293907,0.1492749,-0.2846341,0.560677,0.1770149,-0.2640621,0.6175317,0.2071104,-0.1973871,0.5671931,0.2071104,-0.1973871,0.5671931
44.8594281,0.1501013,-0.2844633,0.5605801,0.1766888,-0.2636325,0.6173828,0.2077284,-0.1971061,0.5679203,0.2077284,-0.1971061,0.5679203
44.8933183,0.1514604,-0.2841726,0.5602401,0.1800592,-0.2636564,0.6191818,0.2038143,-0.1982139,0.5676256,0.2038143,-0.1982139,0.5676256
44.926415,0.1525685,-0.2839808,0.5593355,0.1812499,-0.2636641,0.6156343,0.2091808,-0.1966584,0.5645455,0.2091808,-0.1966584,0.5645455
44.9608858,0.1539485,-0.2837641,0.5581527,0.1833271,-0.2634441,0.6144593,0.2130265,-0.1967149,0.5621296,0.2130265,-0.1967149,0.5621296
45.060299,0.1577867,-0.2831417,0.5556787,0.1887602,-0.2638144,0.611967,0.216445,-0.1974356,0.5580725,0.216445,-0.1974356,0.5580725
45.0933022,0.1590571,-0.2831938,0.5546904,0.1905107,-0.2641664,0.6108742,0.2146993,-0.1975477,0.5569211,0.2146993,-0.1975477,0.5569211
45.12728,0.1599367,-0.2832209,0.5537229,0.1910355,-0.2644335,0.6105257,0.2155535,-0.1982898,0.5568562,0.2155535,-0.1982898,0.5568562
45.1615334,0.1615783,-0.2831622,0.5526165,0.1946732,-0.2646426,0.6089686,0.2198108,-0.1966385,0.554019,0.2198108,-0.1966385,0.554019
45.1932144,0.1626542,-0.2832785,0.5516837,0.1946834,-0.2650634,0.6090644,0.2166474,-0.1978244,0.5546601,0.2166474,-0.1978244,0.5546601
45.2271919,0.1642256,-0.2832019,0.5504921,0.1965673,-0.2653253,0.6049929,0.2167708,-0.2013877,0.5495241,0.2167708,-0.2013877,0.5495241
45.2604992,0.1657584,-0.2832685,0.5493119,0.1975344,-0.265743,0.6043637,0.2144431,-0.2014824,0.5494003,0.2144431,-0.2014824,0.5494003
45.2934992,0.167372,-0.2831418,0.5478468,0.2004608,-0.2656405,0.6029242,0.2202761,-0.2011245,0.5463772,0.2202761,-0.2011245,0.5463772
45.3330394,0.1688081,-0.2831248,0.5456775,0.2019502,-0.2664384,0.6023033,0.2277492,-0.2007307,0.5436431,0.2277492,-0.2007307,0.5436431
45.3640378,0.170243,-0.283215,0.5437484,0.2032673,-0.2665854,0.5986897,0.223675,-0.2008266,0.544252,0.223675,-0.2008266,0.544252
45.3950414,0.171876,-0.2833159,0.5415897,0.2052439,-0.2662522,0.597723,0.2242858,-0.1979694,0.5438671,0.2242858,-0.1979694,0.5438671
45.4290545,0.17292,-0.2833716,0.5400351,0.2058221,-0.2659979,0.5947075,0.229494,-0.1955978,0.5416626,0.229494,-0.1955978,0.5416626
45.4611756,0.1746566,-0.2834358,0.5378565,0.2091115,-0.2655725,0.5931646,0.2267796,-0.1964685,0.5409131,0.2267796,-0.1964685,0.5409131
45.4941697,0.1755084,-0.2835289,0.5344254,0.2086416,-0.2651944,0.5901291,0.2309786,-0.1973763,0.5367688,0.2309786,-0.1973763,0.5367688
45.5281715,0.1765968,-0.2832529,0.5320606,0.2114435,-0.2644474,0.5884615,0.2321997,-0.1961237,0.5350087,0.2321997,-0.1961237,0.5350087
45.5643035,0.1775602,-0.282849,0.5303291,0.2112164,-0.2638029,0.5854258,0.2274355,-0.197122,0.5357764,0.2274355,-0.197122,0.5357764
45.6611867,0.1797152,-0.281956,0.526154,0.213478,-0.2629725,0.5813562,0.2309114,-0.1951697,0.5316951,0.2309114,-0.1951697,0.5316951
45.6948413,0.1801951,-0.281768,0.5253658,0.2140024,-0.2630679,0.580997,0.2342244,-0.1949837,0.5293134,0.2342244,-0.1949837,0.5293134
45.7268735,0.1806928,-0.2815892,0.5243566,0.2142388,-0.262884,0.5809268,0.2327662,-0.1956062,0.5293321,0.2327662,-0.1956062,0.5293321
45.7623053,0.1810774,-0.2813605,0.5236247,0.2139678,-0.2629492,0.5806866,0.2302986,-0.1962838,0.5297599,0.2302986,-0.1962838,0.5297599
45.8008778,0.181363,-0.2812065,0.52271,0.2136558,-0.2624453,0.577725,0.2317221,-0.1961516,0.5284603,0.2317221,-0.1961516,0.5284603
45.8338509,0.1817702,-0.2810265,0.5217971,0.2139624,-0.2623807,0.577695,0.2315774,-0.1963704,0.5279033,0.2315774,-0.1963704,0.5279033
45.859786,0.1820025,-0.2807469,0.5209201,0.2144519,-0.2626263,0.5773176,0.2318176,-0.1959946,0.5269195,0.2318176,-0.1959946,0.5269195
45.8927751,0.1822207,-0.2804926,0.5199257,0.2152559,-0.2627507,0.5766318,0.2310395,-0.1966631,0.5249487,0.2310395,-0.1966631,0.5249487
45.9259656,0.1826546,-0.2803242,0.5192174,0.2146426,-0.2630695,0.5767165,0.2312375,-0.1958956,0.5259293,0.2312375,-0.1958956,0.5259293
45.9659635,0.1825675,-0.280219,0.5173575,0.2156512,-0.2624654,0.5727048,0.2321014,-0.1951057,0.5257456,0.2321014,-0.1951057,0.5257456
45.9957594,0.1825799,-0.280212,0.5160637,0.2162588,-0.2627417,0.5726737,0.2324203,-0.1961237,0.5235047,0.2324203,-0.1961237,0.5235047
46.0262843,0.1825758,-0.2802594,0.5148532,0.2148607,-0.2629577,0.570332,0.2347803,-0.1939192,0.5238109,0.2347803,-0.1939192,0.5238109
46.060263,0.1827694,-0.2803507,0.5132792,0.2169126,-0.2627098,0.5691726,0.233251,-0.1948719,0.5217646,0.233251,-0.1948719,0.5217646
46.0933404,0.1829754,-0.2802664,0.5120586,0.2181574,-0.2631472,0.5686987,0.2360638,-0.1948197,0.520061,0.2360638,-0.1948197,0.520061
46.1263179,0.1832354,-0.2802622,0.5105392,0.2190098,-0.2636271,0.5652309,0.2370455,-0.1957918,0.5173211,0.2370455,-0.1957918,0.5173211
46.1605515,0.1835926,-0.2802777,0.5094621,0.2195802,-0.2654009,0.5649943,0.2351792,-0.1984448,0.5156253,0.2351792,-0.1984448,0.5156253
46.1931459,0.1843992,-0.2804693,0.5073692,0.221185,-0.2654045,0.5610996,0.2364281,-0.198062,0.512961,0.2364281,-0.198062,0.512961
46.2258066,0.1847914,-0.2804958,0.504593,0.2223877,-0.2649836,0.5571054,0.2375618,-0.197592,0.5116552,0.2375618,-0.197592,0.5116552
46.2607838,0.1852866,-0.2806258,0.5027314,0.2237228,-0.2650009,0.5563032,0.2388371,-0.1987819,0.5084692,0.2388371,-0.1987819,0.5084692
46.2946855,0.1860061,-0.2805799,0.5011367,0.2235707,-0.2648809,0.5534873,0.2383189,-0.1975119,0.5100867,0.2383189,-0.1975119,0.5100867
46.3274941,0.1867194,-0.2806901,0.4997138,0.224703,-0.2647792,0.5530908,0.2392538,-0.1979116,0.5081359,0.2392538,-0.1979116,0.5081359
46.3607118,0.1873785,-0.2806929,0.4988391,0.2249563,-0.2647806,0.5532156,0.2399602,-0.1981944,0.5085788,0.2399602,-0.1981944,0.5085788
46.3932168,0.1879153,-0.280731,0.4980156,0.2280884,-0.2648047,0.5519648,0.2417337,-0.198126,0.5075936,0.2417337,-0.198126,0.5075936
46.4282129,0.1885027,-0.2808778,0.4972447,0.2260628,-0.2648624,0.55,0.24224,-0.1973629,0.5090113,0.24224,-0.1973629,0.5090113
46.4614102,0.1890002,-0.2810851,0.4965719,0.2277721,-0.2654088,0.549216,0.2444532,-0.2008503,0.5054077,0.2444532,-0.2008503,0.5054077
46.4934662,0.189334,-0.2812701,0.4959777,0.2268672,-0.2664127,0.5495942,0.2419517,-0.1999626,0.5065206,0.2419517,-0.1999626,0.5065206
46.5270099,0.1902483,-0.2815154,0.4951545,0.2298349,-0.266559,0.5484837,0.2432666,-0.1999812,0.5058235,0.2432666,-0.1999812,0.5058235
46.5609923,0.1906763,-0.2816629,0.4945518,0.2303133,-0.267199,0.5482018,0.2445979,-0.2006139,0.5044555,0.2445979,-0.2006139,0.5044555
46.5946551,0.1912868,-0.2818333,0.4937735,0.2316599,-0.2673397,0.5472733,0.247002,-0.2012609,0.5022149,0.247002,-0.2012609,0.5022149
46.6273714,0.1918086,-0.2819856,0.4930944,0.2311317,-0.2674797,0.5445397,0.247694,-0.200639,0.5020819,0.247694,-0.200639,0.5020819
46.6604057,0.1927502,-0.2822137,0.4919608,0.2341548,-0.2674999,0.5431166,0.2486342,-0.2006139,0.5008463,0.2486342,-0.2006139,0.5008463
46.6939479,0.1933587,-0.2823319,0.4910031,0.234144,-0.2679781,0.5431418,0.2482301,-0.2002902,0.5004556,0.2482301,-0.2002902,0.5004556
46.7283842,0.1941385,-0.2823966,0.4899773,0.2358027,-0.2677757,0.5420957,0.2490585,-0.2003166,0.4991421,0.2490585,-0.2003166,0.4991421
46.7609475,0.1949084,-0.2824816,0.4888999,0.2354162,-0.2684122,0.5397955,0.2489644,-0.2049085,0.4948332,0.2489644,-0.2049085,0.4948332
46.7922747,0.1955402,-0.2825525,0.4879974,0.235345,-0.2684907,0.5382696,0.2510003,-0.2025385,0.4962996,0.2510003,-0.2025385,0.4962996
46.8279276,0.1959116,-0.2826323,0.4872547,0.2353482,-0.268996,0.5381748,0.2492235,-0.2025702,0.4970723,0.2492235,-0.2025702,0.4970723
46.8599196,0.196213,-0.2827144,0.4866865,0.2356446,-0.2695011,0.5382037,0.2495415,-0.2026239,0.4961656,0.2495415,-0.2026239,0.4961656
46.8939338,0.1964371,-0.2827821,0.4861414,0.2356836,-0.2695112,0.5378618,0.2493824,-0.2029421,0.4957047,0.2493824,-0.2029421,0.4957047
46.9256284,0.1966003,-0.2827964,0.4853592,0.2371504,-0.2694865,0.5368838,0.2498358,-0.2024855,0.4950604,0.2498358,-0.2024855,0.4950604
46.9606066,0.1966524,-0.2828488,0.48495,0.2352767,-0.2694596,0.5352006,0.2481807,-0.2028663,0.4960766,0.2481807,-0.2028663,0.4960766
46.9925881,0.1967278,-0.2828654,0.4843425,0.2361341,-0.269589,0.5345659,0.251491,-0.2017023,0.4940821,0.251491,-0.2017023,0.4940821
47.026349,0.1967757,-0.2829501,0.4839215,0.2354758,-0.2700235,0.5347522,0.2505026,-0.201972,0.4947589,0.2505026,-0.201972,0.4947589
47.0607474,0.1969589,-0.2831079,0.4832005,0.2368426,-0.2703013,0.5339679,0.2515534,-0.2021093,0.4915701,0.2515534,-0.2021093,0.4915701
47.0946719,0.1970847,-0.2831034,0.4826725,0.238115,-0.2705031,0.5332019,0.2535981,-0.2022776,0.4893928,0.2535981,-0.2022776,0.4893928
47.1266612,0.1971661,-0.28312,0.4819996,0.2385731,-0.2708586,0.5323874,0.2517352,-0.2027065,0.490029,0.2517352,-0.2027065,0.490029
47.1598562,0.1972915,-0.2831448,0.4811316,0.2376646,-0.2707799,0.530299,0.2527646,-0.2027334,0.4887227,0.2527646,-0.2027334,0.4887227
47.1934986,0.1976254,-0.2830856,0.4802442,0.2394264,-0.270694,0.5292115,0.2547302,-0.2008985,0.4877045,0.2547302,-0.2008985,0.4877045
47.228363,0.1978457,-0.28303,0.4793389,0.2393073,-0.2712308,0.5292023,0.2541093,-0.2058364,0.4837445,0.2541093,-0.2058364,0.4837445
47.2613628,0.1979886,-0.2829584,0.4783866,0.2391794,-0.2715057,0.5289594,0.2537464,-0.2052049,0.4841913,0.2537464,-0.2052049,0.4841913
47.2931232,0.1980355,-0.2830255,0.4777049,0.2383767,-0.2706923,0.5269101,0.2559255,-0.204542,0.4826738,0.2559255,-0.204542,0.4826738
47.3279533,0.1982713,-0.2829615,0.4771249,0.2394866,-0.2707973,0.5263124,0.2545804,-0.2060118,0.481882,0.2545804,-0.2060118,0.481882
47.3604837,0.1985328,-0.2828978,0.4763435,0.2396939,-0.2708166,0.5260606,0.2551024,-0.2054477,0.4816132,0.2551024,-0.2054477,0.4816132
47.3934973,0.1986772,-0.2828624,0.4754888,0.2400428,-0.2710631,0.5252702,0.2535183,-0.2054139,0.4816427,0.2535183,-0.2054139,0.4816427
47.4274854,0.1987784,-0.2827733,0.4746172,0.2392725,-0.270347,0.5234699,0.25431,-0.2041022,0.4825416,0.25431,-0.2041022,0.4825416
47.4605657,0.1988732,-0.2827056,0.47378,0.2395315,-0.2709232,0.5226288,0.2547362,-0.2056248,0.4794805,0.2547362,-0.2056248,0.4794805
47.4939857,0.199056,-0.2826134,0.4731248,0.2412043,-0.2709728,0.5218384,0.2552606,-0.2052333,0.4788882,0.2552606,-0.2052333,0.4788882
47.5259787,0.1990235,-0.2824565,0.4724866,0.2411065,-0.2711073,0.5212647,0.253909,-0.2058422,0.4768995,0.253909,-0.2058422,0.4768995
47.5620237,0.1993011,-0.2823771,0.4718789,0.2407432,-0.2704192,0.5193139,0.2552006,-0.2039528,0.4780748,0.2552006,-0.2039528,0.4780748
47.5930272,0.1991055,-0.2820334,0.4713914,0.2410469,-0.2705871,0.5189707,0.2549816,-0.2046039,0.4766997,0.2549816,-0.2046039,0.4766997
47.6280045,0.1991519,-0.2818085,0.4706596,0.2410097,-0.2699887,0.5184439,0.2560666,-0.2025258,0.4773137,0.2560666,-0.2025258,0.4773137
47.6604165,0.1992048,-0.2815351,0.4697946,0.2406583,-0.2693042,0.5157934,0.2555538,-0.20211,0.477248,0.2555538,-0.20211,0.477248
47.6933587,0.199365,-0.2812517,0.4691803,0.2409139,-0.2693943,0.5151615,0.2530853,-0.2021997,0.476843,0.2530853,-0.2021997,0.476843
47.7323987,0.1997699,-0.2809793,0.4684872,0.2414922,-0.2690922,0.5128918,0.2545444,-0.2020132,0.4751369,0.2545444,-0.2020132,0.4751369
47.7673761,0.1988075,-0.2810167,0.4666407,0.2423141,-0.2691047,0.5115095,0.256116,-0.2025889,0.4729139,0.256116,-0.2025889,0.4729139
47.7932626,0.198337,-0.2809645,0.4658073,0.2406651,-0.2687837,0.5104268,0.2544144,-0.2017343,0.4747583,0.2544144,-0.2017343,0.4747583
47.8274895,0.2004627,-0.2803902,0.4664865,0.2420799,-0.2690993,0.5093664,0.2546623,-0.2015658,0.4733326,0.2546623,-0.2015658,0.4733326
47.8595118,0.1970202,-0.2808806,0.462316,0.2405598,-0.2690826,0.5038316,0.2565888,-0.2022001,0.4691466,0.2565888,-0.2022001,0.4691466
47.8925065,0.2002686,-0.2805036,0.4634336,0.2425005,-0.2701544,0.5051816,0.2569673,-0.2009908,0.4696772,0.2569673,-0.2009908,0.4696772
47.9256472,0.1901333,-0.2817265,0.4554623,0.241298,-0.270358,0.5005711,0.2542769,-0.2050441,0.4654174,0.2542769,-0.2050441,0.4654174
47.9597626,0.1905767,-0.281689,0.4542359,0.2424979,-0.2703424,0.499676,0.2556372,-0.2046437,0.4645029,0.2556372,-0.2046437,0.4645029
47.9923979,0.2031939,-0.2799609,0.4608067,0.2417177,-0.2700882,0.4971323,0.2578871,-0.2018548,0.4638299,0.2578871,-0.2018548,0.4638299
48.0278498,0.1909533,-0.2813228,0.4514009,0.2426591,-0.2703483,0.4962041,0.257796,-0.2041028,0.460977,0.257796,-0.2041028,0.460977
48.0618948,0.1900964,-0.2814156,0.4496332,0.2424747,-0.2706932,0.4940807,0.2586051,-0.2044044,0.4588251,0.2586051,-0.2044044,0.4588251
48.092877,0.1909544,-0.2810148,0.4482185,0.2425572,-0.2706169,0.4933882,0.2560775,-0.2041399,0.461054,0.2560775,-0.2041399,0.461054
48.1258554,0.1919383,-0.2808398,0.4467538,0.2425081,-0.2702662,0.4908023,0.2554036,-0.2064564,0.4557559,0.2554036,-0.2064564,0.4557559
48.1606276,0.1936337,-0.2804618,0.4460202,0.2447621,-0.2702812,0.4897434,0.2574323,-0.204396,0.457619,0.2574323,-0.204396,0.457619
48.1936301,0.1939961,-0.2803469,0.4449224,0.2448237,-0.2703021,0.4894121,0.2584643,-0.2041135,0.4564344,0.2584643,-0.2041135,0.4564344
48.2266784,0.1946051,-0.2802997,0.4443753,0.2446173,-0.2700779,0.48881,0.2568766,-0.2041775,0.4559236,0.2568766,-0.2041775,0.4559236
48.2609136,0.2049035,-0.2790639,0.4496167,0.2436281,-0.2702487,0.4869839,0.2561628,-0.2047543,0.4546041,0.2561628,-0.2047543,0.4546041
48.2931562,0.191139,-0.2805591,0.4403179,0.245858,-0.270689,0.4857306,0.2574863,-0.2044345,0.4535545,0.2574863,-0.2044345,0.4535545
48.3275721,0.2055708,-0.2789618,0.4475044,0.2470747,-0.2705249,0.4844527,0.2588288,-0.2045865,0.4494785,0.2588288,-0.2045865,0.4494785
48.3607639,0.1964631,-0.2800765,0.4410303,0.2462709,-0.2702066,0.482747,0.2563837,-0.2048493,0.4499548,0.2563837,-0.2048493,0.4499548
48.393863,0.1970649,-0.2799726,0.43979,0.2478244,-0.2709119,0.4816718,0.2579064,-0.2046354,0.4462835,0.2579064,-0.2046354,0.4462835
48.4259161,0.1975366,-0.2799734,0.4388434,0.2484699,-0.2704084,0.4802304,0.2560573,-0.204559,0.4453288,0.2560573,-0.204559,0.4453288
48.4598945,0.1999425,-0.2795279,0.4386986,0.2486073,-0.2700092,0.4781484,0.2572196,-0.2059953,0.4423316,0.2572196,-0.2059953,0.4423316
48.4929142,0.2024481,-0.2790708,0.4384997,0.2498959,-0.269636,0.4766187,0.2574123,-0.2042778,0.440727,0.2574123,-0.2042778,0.440727
48.5268888,0.2035687,-0.2788871,0.4377938,0.2504625,-0.2697165,0.4758431,0.2602339,-0.2051955,0.4379457,0.2602339,-0.2051955,0.4379457
48.561887,0.2050594,-0.2785851,0.4371239,0.2517854,-0.2694873,0.4733747,0.256956,-0.2043291,0.4381564,0.256956,-0.2043291,0.4381564
48.5928865,0.2041456,-0.2783481,0.4352987,0.2500093,-0.2690011,0.4689564,0.2579898,-0.2043906,0.4365321,0.2579898,-0.2043906,0.4365321
48.6264643,0.2042918,-0.2779957,0.4334677,0.2496905,-0.2684854,0.4660807,0.2587847,-0.2023735,0.4345838,0.2587847,-0.2023735,0.4345838
48.6600879,0.2052273,-0.2779341,0.4322187,0.2516841,-0.2682909,0.4647448,0.2571636,-0.2025609,0.4338234,0.2571636,-0.2025609,0.4338234
48.6943074,0.2074801,-0.2774653,0.4313873,0.2539722,-0.2686163,0.4634504,0.2585601,-0.2049519,0.4285436,0.2585601,-0.2049519,0.4285436
48.7261148,0.2085063,-0.2771623,0.4296966,0.2543217,-0.2687443,0.4610564,0.2598035,-0.204326,0.4286124,0.2598035,-0.204326,0.4286124
48.7611082,0.2097417,-0.2768453,0.4288975,0.2540661,-0.2689107,0.4605536,0.2590312,-0.2039448,0.4278575,0.2590312,-0.2039448,0.4278575
48.7930987,0.2115078,-0.2776984,0.4244961,0.2558157,-0.268784,0.4593009,0.2610826,-0.2041374,0.4251846,0.2610826,-0.2041374,0.4251846
48.8266296,0.2108878,-0.2779779,0.4220894,0.2566291,-0.2691431,0.4585615,0.2618471,-0.2053621,0.4233966,0.2618471,-0.2053621,0.4233966
48.8593736,0.2121251,-0.2774945,0.4220964,0.257565,-0.2688489,0.4575356,0.2610757,-0.2037251,0.4245641,0.2610757,-0.2037251,0.4245641
48.8930076,0.2127917,-0.2771546,0.4218672,0.2571355,-0.2687805,0.4550844,0.2631868,-0.203455,0.4213749,0.2631868,-0.203455,0.4213749
48.9251433,0.2132601,-0.2768162,0.4213095,0.2573246,-0.2689847,0.4544042,0.2652994,-0.2056804,0.4183852,0.2652994,-0.2056804,0.4183852
48.9660939,0.2117468,-0.2774659,0.4179367,0.2577494,-0.2690651,0.452529,0.2619025,-0.2039862,0.4209578,0.2619025,-0.2039862,0.4209578
49.0010751,0.2099459,-0.2781241,0.4150445,0.257387,-0.2691974,0.4517246,0.262573,-0.2038161,0.420078,0.262573,-0.2038161,0.420078
49.032076,0.2100337,-0.2782203,0.4137475,0.2593576,-0.2688794,0.4503115,0.2596595,-0.2329321,0.4653553,0.2596595,-0.2329321,0.4653553
49.0620502,0.2110559,-0.2774602,0.4137023,0.2592207,-0.2692229,0.449592,0.2663803,-0.2054396,0.4139303,0.2663803,-0.2054396,0.4139303
49.097029,0.21206,-0.2769172,0.413382,0.2589823,-0.2691047,0.4475959,0.2660991,-0.204957,0.4137939,0.2660991,-0.204957,0.4137939
49.1260052,0.2112813,-0.2771081,0.4106827,0.2596842,-0.269068,0.4462679,0.2658529,-0.2045866,0.4134616,0.2658529,-0.2045866,0.4134616
49.1608998,0.2104414,-0.2774368,0.4078482,0.2602569,-0.2687878,0.4440174,0.2652599,-0.2043954,0.4123428,0.2652599,-0.2043954,0.4123428
49.1929688,0.209713,-0.2776081,0.4058749,0.2593049,-0.2682752,0.4422564,0.2644295,-0.2048924,0.4103341,0.2644295,-0.2048924,0.4103341
49.2258968,0.2094207,-0.2774885,0.4045913,0.2597563,-0.2684198,0.4411345,0.2644037,-0.2058991,0.4068387,0.2644037,-0.2058991,0.4068387
49.2601914,0.2096664,-0.2771257,0.4032531,0.2617533,-0.2683563,0.4396988,0.2730104,-0.2356984,0.4589728,0.2730104,-0.2356984,0.4589728
49.2936186,0.20913,-0.2770452,0.4013897,0.2602186,-0.2675916,0.4380551,0.2644004,-0.2056721,0.4024571,0.2644004,-0.2056721,0.4024571
49.3276145,0.2092789,-0.2766782,0.4001645,0.2620207,-0.2675695,0.4366151,0.2655699,-0.205654,0.4016108,0.2655699,-0.205654,0.4016108
49.3603279,0.2096311,-0.2762921,0.399133,0.2626954,-0.2676244,0.4354594,0.2878808,-0.2413458,0.4672348,0.2878808,-0.2413458,0.4672348
49.3926038,0.2097274,-0.2759667,0.3971163,0.2632027,-0.2672501,0.4332708,0.2663274,-0.2054659,0.3974178,0.2663274,-0.2054659,0.3974178
49.4262038,0.2100848,-0.2755607,0.3960461,0.2631593,-0.2661232,0.4318034,0.2663236,-0.2054352,0.3973165,0.2663236,-0.2054352,0.3973165
49.4597116,0.2105129,-0.2753926,0.3950206,0.2638416,-0.2659234,0.4311104,0.2670618,-0.2055113,0.3966438,0.2670618,-0.2055113,0.3966438
49.4936938,0.2107497,-0.2750691,0.3938955,0.2647995,-0.2660782,0.4304887,0.2684087,-0.2038809,0.3958124,0.2684087,-0.2038809,0.3958124
49.5263317,0.2113963,-0.2747397,0.3930073,0.2645622,-0.2653239,0.4288873,0.2771574,-0.2382016,0.4557587,0.2771574,-0.2382016,0.4557587
49.5605642,0.2115502,-0.2744096,0.3916315,0.2641912,-0.265593,0.4284556,0.2689648,-0.2035233,0.3924186,0.2689648,-0.2035233,0.3924186
49.7263927,0.2119584,-0.2722512,0.3867277,0.2659483,-0.2639654,0.4238876,0.2693539,-0.1952004,0.3908175,0.2693539,-0.1952004,0.3908175
49.760909,0.212553,-0.2718301,0.3862089,0.2665825,-0.2636202,0.423143,0.2810369,-0.2368292,0.4487177,0.2810369,-0.2368292,0.4487177
49.7929188,0.2123444,-0.2712122,0.3848964,0.2658505,-0.2633753,0.4223585,0.2715844,-0.2009654,0.3852942,0.2715844,-0.2009654,0.3852942
49.8269136,0.2126076,-0.2708269,0.3843471,0.2668821,-0.2628968,0.4216127,0.2843198,-0.2387657,0.4565184,0.2843198,-0.2387657,0.4565184
49.8609324,0.2123662,-0.2702709,0.3829185,0.2671065,-0.2626745,0.4206488,0.2849879,-0.235497,0.4440749,0.2849879,-0.235497,0.4440749
49.8939116,0.2124375,-0.2699,0.3814707,0.2671771,-0.2617481,0.4187381,0.2691507,-0.1969658,0.3849169,0.2691507,-0.1969658,0.3849169
49.9249219,0.212463,-0.2695683,0.3802972,0.2666008,-0.2616606,0.4184382,0.2933161,-0.2378364,0.4523622,0.2933161,-0.2378364,0.4523622
49.9599139,0.2125193,-0.2693718,0.3793822,0.2676843,-0.2617269,0.4180233,0.2908711,-0.2382326,0.4537706,0.2908711,-0.2382326,0.4537706
49.9928941,0.2126172,-0.2691499,0.3785507,0.2680839,-0.2616583,0.4162812,0.2699559,-0.1981995,0.3808954,0.2699559,-0.1981995,0.3808954
50.027384,0.2126554,-0.2690647,0.3777966,0.2673595,-0.2613424,0.4160322,0.269982,-0.1977535,0.3810693,0.269982,-0.1977535,0.3810693
50.0599694,0.2127821,-0.2688143,0.376846,0.2681928,-0.2607928,0.4148616,0.2728885,-0.2163789,0.4142913,0.2728885,-0.2163789,0.4142913
50.0929505,0.2128596,-0.2686226,0.3762975,0.2680197,-0.2603693,0.4144175,0.2869464,-0.2358657,0.4502571,0.2869464,-0.2358657,0.4502571
50.1253502,0.2131171,-0.2684078,0.375555,0.268278,-0.2598107,0.4127999,0.2861451,-0.2333181,0.4405192,0.2861451,-0.2333181,0.4405192
50.1682407,0.2131594,-0.2680185,0.3744212,0.269251,-0.259252,0.4113578,0.2716013,-0.1942682,0.3766476,0.2716013,-0.1942682,0.3766476
50.200234,0.2134501,-0.2677894,0.3738271,0.2698832,-0.25906,0.4107847,0.2716553,-0.1940478,0.3765853,0.2716553,-0.1940478,0.3765853
50.234203,0.2136514,-0.2673304,0.37234,0.2694095,-0.2581876,0.4088558,0.2895546,-0.2343854,0.4447993,0.2895546,-0.2343854,0.4447993
50.3327337,0.214227,-0.2662921,0.3690515,0.2706636,-0.2576335,0.4055854,0.2846599,-0.2322832,0.4387672,0.2846599,-0.2322832,0.4387672
50.3597193,0.2145702,-0.265828,0.3679849,0.2705693,-0.2572496,0.4039815,0.2857363,-0.230157,0.4339279,0.2857363,-0.230157,0.4339279
50.3925947,0.2146194,-0.2657509,0.3670757,0.2720337,-0.2573249,0.4029058,0.2855147,-0.2317647,0.4378918,0.2855147,-0.2317647,0.4378918
50.4262578,0.214782,-0.2654783,0.3658835,0.2723863,-0.2569633,0.4021107,0.2728876,-0.1928584,0.3670208,0.2728876,-0.1928584,0.3670208
50.461234,0.2148458,-0.2653769,0.3647985,0.271318,-0.2564149,0.4003454,0.2843534,-0.2315652,0.4321314,0.2843534,-0.2315652,0.4321314
50.4937069,0.2151971,-0.2651748,0.3637201,0.2728466,-0.2566675,0.3988593,0.2760259,-0.2136528,0.3990983,0.2760259,-0.2136528,0.3990983
50.5257053,0.2155813,-0.2650413,0.3628396,0.2736508,-0.2564376,0.3977364,0.2717148,-0.1906628,0.3627079,0.2717148,-0.1906628,0.3627079
50.560664,0.2156657,-0.2649007,0.362025,0.271894,-0.2559509,0.39653,0.2883906,-0.2314876,0.4279686,0.2883906,-0.2314876,0.4279686
50.6605781,0.2164294,-0.264486,0.3586184,0.2739755,-0.2553829,0.3919102,0.2744038,-0.2323022,0.4299473,0.2744038,-0.2323022,0.4299473
50.6935529,0.22115,-0.2635152,0.3582332,0.2756616,-0.2549297,0.3895908,0.2861387,-0.2313613,0.4245842,0.2861387,-0.2313613,0.4245842
50.7266494,0.2210634,-0.2634762,0.356919,0.2749479,-0.2546082,0.3880022,0.2918069,-0.2316264,0.4182191,0.2918069,-0.2316264,0.4182191
50.7606418,0.224214,-0.2626847,0.3561343,0.2757969,-0.2548089,0.3862138,0.2908453,-0.231481,0.4160633,0.2908453,-0.231481,0.4160633
50.7931105,0.2251644,-0.2626925,0.3548983,0.276728,-0.2548158,0.3845184,0.2749,-0.1860612,0.3509879,0.2749,-0.1860612,0.3509879
50.8296148,0.2254961,-0.2621372,0.3514636,0.2678477,-0.2557638,0.3782694,0.2719491,-0.1895673,0.3499516,0.2719491,-0.1895673,0.3499516
50.8601035,0.2258577,-0.2621012,0.349046,0.266286,-0.2564752,0.3765038,0.2695988,-0.1969444,0.3469124,0.2695988,-0.1969444,0.3469124
50.8941,0.2299683,-0.261324,0.3475776,0.2668492,-0.2566834,0.3747794,0.2710792,-0.193777,0.3467849,0.2710792,-0.193777,0.3467849
50.926079,0.2298816,-0.2615045,0.3457269,0.2669674,-0.2574137,0.3737453,0.2709941,-0.1933933,0.3466879,0.2709941,-0.1933933,0.3466879
50.9618704,0.2280668,-0.2623286,0.343987,0.2662729,-0.2577133,0.3717517,0.2711616,-0.1938802,0.3449455,0.2711616,-0.1938802,0.3449455
50.9918631,0.2322013,-0.261792,0.3432744,0.266459,-0.2582133,0.3709116,0.2715933,-0.1940025,0.343764,0.2715933,-0.1940025,0.343764
51.0251081,0.2310277,-0.2624353,0.3423226,0.265909,-0.2587351,0.3685023,0.2717226,-0.1935015,0.3439975,0.2717226,-0.1935015,0.3439975
51.0591981,0.2341943,-0.2620044,0.3415948,0.266995,-0.2592099,0.3678701,0.2735924,-0.1945072,0.3410651,0.2735924,-0.1945072,0.3410651
51.0926572,0.2260016,-0.2639683,0.3398007,0.266951,-0.2596968,0.3673122,0.2726344,-0.1969851,0.3390557,0.2726344,-0.1969851,0.3390557
51.1256664,0.2311805,-0.2631669,0.33912,0.2660002,-0.2595522,0.3651535,0.2713394,-0.1954018,0.339379,0.2713394,-0.1954018,0.339379
51.1596672,0.234899,-0.2627486,0.3387244,0.2663866,-0.2604162,0.3643783,0.2725909,-0.1938789,0.3389813,0.2725909,-0.1938789,0.3389813
51.1926746,0.2379127,-0.2625747,0.3380427,0.2665918,-0.2613596,0.3631129,0.2725321,-0.1957255,0.3364947,0.2725321,-0.1957255,0.3364947
51.2256027,0.240039,-0.2629031,0.3367454,0.2674656,-0.262377,0.3621126,0.2754598,-0.1994041,0.3326002,0.2754598,-0.1994041,0.3326002
51.3265552,0.2389039,-0.2639612,0.334279,0.2649142,-0.2638853,0.3590026,0.2747793,-0.1985292,0.3329453,0.2747793,-0.1985292,0.3329453
51.3600089,0.2396482,-0.2642465,0.3332954,0.2656679,-0.2642092,0.3586229,0.2743034,-0.1981606,0.333009,0.2743034,-0.1981606,0.333009
51.3928993,0.2406298,-0.264528,0.3324437,0.2652684,-0.2650705,0.3568218,0.2743837,-0.1977781,0.3317941,0.2743837,-0.1977781,0.3317941
51.4258805,0.240471,-0.264922,0.3319998,0.2648513,-0.2655615,0.356106,0.2765249,-0.1992559,0.3289022,0.2765249,-0.1992559,0.3289022
51.5267032,0.239996,-0.2660968,0.3289044,0.2670184,-0.2673897,0.3524824,0.2768211,-0.2024057,0.3245268,0.2768211,-0.2024057,0.3245268
51.559731,0.2398657,-0.2664288,0.3267008,0.2665374,-0.2673866,0.3503333,0.2754972,-0.1999198,0.3260012,0.2754972,-0.1999198,0.3260012
51.5924994,0.2397223,-0.2669323,0.3248455,0.267241,-0.268264,0.3487706,0.2778115,-0.2013312,0.3210867,0.2778115,-0.2013312,0.3210867
51.6264763,0.2397559,-0.2673085,0.3221436,0.2675923,-0.2691554,0.347018,0.2790575,-0.2005106,0.3187992,0.2790575,-0.2005106,0.3187992
51.726185,0.2124356,-0.2756203,0.3148732,0.2702674,-0.2720679,0.3398092,0.2821479,-0.2041457,0.3105123,0.2821479,-0.2041457,0.3105123
51.7601653,0.2437801,-0.2749827,0.3428387,0.2710292,-0.2741902,0.3380546,0.2780296,-0.2078584,0.3096187,0.2780296,-0.2078584,0.3096187
51.7929519,0.2434217,-0.2757609,0.3010404,0.2698586,-0.2722495,0.3338177,0.2791466,-0.2059506,0.306663,0.2791466,-0.2059506,0.306663
51.8279363,0.2790781,-0.2719321,0.3433275,0.2717332,-0.275227,0.3321596,0.2810085,-0.2082363,0.3029159,0.2810085,-0.2082363,0.3029159
