6.3069242,0.4236379,-0.1988803,0.5716777,0.5391036,-0.1566443,0.6516496,0.5607477,-0.1776723,0.6973987,0.5607477,-0.1776723,0.6973987
6.370924,0.3539748,-0.2106092,0.6089846,0.4978732,-0.1602815,0.6559032,0.5272527,-0.1768329,0.7225718,0.5272527,-0.1768329,0.7225718
6.4039069,0.3548765,-0.2100219,0.6092172,0.4992863,-0.1598604,0.6563869,0.528366,-0.177333,0.7255083,0.528366,-0.177333,0.7255083
6.4368839,0.3565844,-0.2086971,0.6101652,0.4990877,-0.1586483,0.6558183,0.5267251,-0.17595,0.7205759,0.5267251,-0.17595,0.7205759
6.4658652,0.3585268,-0.2071557,0.6099497,0.4993769,-0.1575106,0.6554965,0.52678,-0.1755551,0.7191821,0.52678,-0.1755551,0.7191821
6.4988707,0.3890303,-0.1967908,0.564413,0.4988676,-0.1568863,0.6424489,0.5078068,-0.1835329,0.6986041,0.5078068,-0.1835329,0.6986041
6.5329532,0.3912065,-0.1958826,0.5647486,0.4980993,-0.1562632,0.6383693,0.5266856,-0.1727604,0.6975529,0.5266856,-0.1727604,0.6975529
6.5679491,0.3925693,-0.195245,0.5646757,0.4991101,-0.1541256,0.6389839,0.5249599,-0.1734313,0.6943589,0.5249599,-0.1734313,0.6943589
6.6019272,0.395452,-0.1937668,0.5656925,0.49928,-0.1531055,0.6394956,0.5186607,-0.1800286,0.6800532,0.5186607,-0.1800286,0.6800532
6.6329068,0.3979868,-0.1931462,0.5661391,0.4987959,-0.1529516,0.6393099,0.5068833,-0.178172,0.6965272,0.5068833,-0.178172,0.6965272
6.6658866,0.3997844,-0.1926891,0.5664372,0.4997646,-0.1506993,0.6380162,0.5195271,-0.1778977,0.6732521,0.5195271,-0.1778977,0.6732521
6.6988666,0.4013189,-0.1922137,0.5668458,0.5001961,-0.150683,0.6384266,0.5183018,-0.08913165,0.6016332,0.5183018,-0.08913165,0.6016332
6.7338671,0.4030443,-0.1917186,0.5673223,0.501045,-0.1505459,0.6377515,0.5188917,-0.08933537,0.600831,0.5188917,-0.08933537,0.600831
6.7668788,0.4040011,-0.1914087,0.5674338,0.5012149,-0.1505722,0.6374512,0.519809,-0.0897488,0.600539,0.519809,-0.0897488,0.600539
6.7988562,0.4045837,-0.1911429,0.5674429,0.5014665,-0.1504028,0.6374326,0.5200517,-0.08937565,0.6003565,0.5200517,-0.08937565,0.6003565
6.8328116,0.4052067,-0.1910374,0.5674515,0.5001683,-0.1509261,0.6363261,0.5200663,-0.08787148,0.6012216,0.5200663,-0.08787148,0.6012216
6.8658967,0.4054719,-0.190874,0.5674177,0.500234,-0.1511275,0.6340548,0.5195627,-0.08781179,0.6012119,0.5195627,-0.08781179,0.6012119
6.9018906,0.4060184,-0.190728,0.5674828,0.5005472,-0.1514141,0.6339352,0.5205165,-0.0874716,0.6012577,0.5205165,-0.0874716,0.6012577
6.9487407,0.4063511,-0.1906158,0.5674898,0.5003771,-0.1519208,0.634559,0.5201718,-0.08801468,0.6011382,0.5201718,-0.08801468,0.6011382
6.966733,0.407199,-0.1904575,0.5677042,0.5003684,-0.1524973,0.6349399,0.5189716,-0.08813515,0.6013127,0.5189716,-0.08813515,0.6013127
6.9997102,0.407302,-0.1903959,0.5676177,0.5001371,-0.1526628,0.6345299,0.5191225,-0.08801016,0.6012758,0.5191225,-0.08801016,0.6012758
7.03572,0.4076282,-0.1903278,0.5676356,0.4996086,-0.1528268,0.63354,0.5198756,-0.08765244,0.6018322,0.5198756,-0.08765244,0.6018322
7.091743,0.4073794,-0.190392,0.5674139,0.4994298,-0.1530286,0.6332322,0.520025,-0.08767874,0.6017765,0.520025,-0.08767874,0.6017765
7.1367146,0.4073726,-0.1903764,0.567408,0.49852,-0.152886,0.6328931,0.5187979,-0.08744537,0.6019974,0.5187979,-0.08744537,0.6019974
7.1457093,0.4071102,-0.1903638,0.5672121,0.4988034,-0.1536839,0.6323369,0.5197185,-0.08778353,0.6023178,0.5197185,-0.08778353,0.6023178
7.1696937,0.4058509,-0.1908083,0.5666699,0.4980894,-0.1535246,0.6319029,0.5197664,-0.08656543,0.6032463,0.5197664,-0.08656543,0.6032463
7.1986754,0.4044527,-0.1912416,0.5660914,0.4967929,-0.1543302,0.6315083,0.5197446,-0.08716356,0.6033432,0.5197446,-0.08716356,0.6033432
7.2346541,0.4042766,-0.1913796,0.5660663,0.4965066,-0.1546088,0.630877,0.5190836,-0.08729645,0.6030585,0.5190836,-0.08729645,0.6030585
7.2666364,0.4043394,-0.191531,0.5661827,0.496011,-0.155953,0.6330142,0.5192108,-0.08879284,0.6028368,0.5192108,-0.08879284,0.6028368
7.2996148,0.4042366,-0.1917417,0.5662977,0.4959253,-0.1559869,0.6331049,0.5182719,-0.08825544,0.6038223,0.5182719,-0.08825544,0.6038223
7.334594,0.4027894,-0.1925994,0.5656839,0.4954281,-0.1565137,0.6329424,0.5188574,-0.08901355,0.603085,0.5188574,-0.08901355,0.603085
7.366592,0.4019797,-0.1931658,0.5653821,0.4954537,-0.1568322,0.6337582,0.5193363,-0.08874002,0.6025679,0.5193363,-0.08874002,0.6025679
7.4005683,0.4011822,-0.19383,0.5652037,0.495124,-0.1564682,0.6338311,0.5188348,-0.08884778,0.6016892,0.5188348,-0.08884778,0.6016892
7.4465396,0.4004019,-0.1943411,0.5649395,0.4951859,-0.1564652,0.6339452,0.5195458,-0.08855435,0.6023248,0.5195458,-0.08855435,0.6023248
7.4715438,0.4003452,-0.1944246,0.5649787,0.494719,-0.156637,0.6339166,0.5185548,-0.08891922,0.6016032,0.5185548,-0.08891922,0.6016032
7.6582209,0.3987453,-0.1954522,0.5648324,0.4934376,-0.157328,0.6342206,0.5183094,-0.08893438,0.6030654,0.5183094,-0.08893438,0.6030654
7.6933834,0.3835014,-0.1986453,0.5915419,0.4946072,-0.1573699,0.6400031,0.514398,-0.09187587,0.6041984,0.514398,-0.09187587,0.6041984
7.708372,0.3700769,-0.2015015,0.6101463,0.4960825,-0.15657,0.6473003,0.5172307,-0.09315087,0.6038263,0.5172307,-0.09315087,0.6038263
7.7343596,0.3975285,-0.19632,0.5664244,0.493088,-0.1577539,0.6336718,0.5171247,-0.09137076,0.6042162,0.5171247,-0.09137076,0.6042162
7.7656521,0.3701919,-0.202724,0.6097445,0.4953854,-0.157664,0.6479808,0.516398,-0.09859766,0.6044988,0.516398,-0.09859766,0.6044988
7.7986306,0.3827597,-0.1997224,0.5918818,0.4935992,-0.1589362,0.6398577,0.5152643,-0.09585167,0.6051548,0.5152643,-0.09585167,0.6051548
7.832607,0.3695697,-0.2030476,0.6102802,0.4950192,-0.158201,0.6473655,0.5151244,-0.09662031,0.6040903,0.5151244,-0.09662031,0.6040903
7.8685874,0.386717,-0.1985753,0.5958836,0.493591,-0.1588726,0.6402123,0.5167056,-0.09370765,0.6050716,0.5167056,-0.09370765,0.6050716
7.9005659,0.3718547,-0.2023982,0.6131988,0.4951336,-0.1589141,0.6479058,0.517085,-0.09545252,0.6042905,0.517085,-0.09545252,0.6042905
7.9325595,0.3712819,-0.2028869,0.61239,0.4943019,-0.1593913,0.6476203,0.515258,-0.09732249,0.6044836,0.515258,-0.09732249,0.6044836
7.9665379,0.3705243,-0.2033987,0.6115612,0.4945121,-0.1589529,0.6479455,0.5165408,-0.09670976,0.6043803,0.5165408,-0.09670976,0.6043803
7.9986028,0.3692162,-0.2042989,0.6101482,0.4950089,-0.1589887,0.6483408,0.5169699,-0.09657145,0.6043999,0.5169699,-0.09657145,0.6043999
8.0355976,0.3692172,-0.2043086,0.6101778,0.4954979,-0.1594034,0.6478532,0.5170983,-0.09655128,0.6044117,0.5170983,-0.09655128,0.6044117
8.0666045,0.3683159,-0.2049444,0.6092471,0.4940718,-0.1594315,0.6489007,0.5164477,-0.09616535,0.6045237,0.5164477,-0.09616535,0.6045237
8.099631,0.3683352,-0.205047,0.6092938,0.4954922,-0.1595499,0.6483786,0.5168053,-0.09686301,0.604486,0.5168053,-0.09686301,0.604486
8.1336677,0.3682882,-0.2050752,0.60932,0.4950356,-0.1600616,0.6485705,0.5163441,-0.09710012,0.604503,0.5163441,-0.09710012,0.604503
8.1666473,0.368178,-0.2051973,0.60917,0.4953781,-0.1595616,0.6483265,0.5168927,-0.09623273,0.60449,0.5168927,-0.09623273,0.60449
8.2038054,0.3679049,-0.2054285,0.6089901,0.4950379,-0.1598812,0.6481593,0.5162431,-0.09654922,0.6045946,0.5162431,-0.09654922,0.6045946
8.2345299,0.3674686,-0.2056576,0.6087633,0.495456,-0.1600888,0.6487747,0.514703,-0.09690729,0.6060437,0.514703,-0.09690729,0.6060437
8.2654959,0.3674313,-0.2056537,0.6088222,0.4953012,-0.1601119,0.6483869,0.5167968,-0.09634584,0.6046317,0.5167968,-0.09634584,0.6046317
8.2994745,0.3673955,-0.2056103,0.6088438,0.4959214,-0.1601682,0.648603,0.5169506,-0.09687565,0.6046146,0.5169506,-0.09687565,0.6046146
8.3357822,0.3671967,-0.2057607,0.6086286,0.4955355,-0.1606463,0.6492245,0.5168602,-0.09693988,0.6048763,0.5168602,-0.09693988,0.6048763
8.3697383,0.3934848,-0.1993874,0.5663525,0.4930477,-0.1609749,0.6376933,0.5182406,-0.09466215,0.6053933,0.5182406,-0.09466215,0.6053933
8.3997184,0.3667598,-0.2061538,0.6089788,0.4957432,-0.1604372,0.6493688,0.5167778,-0.09646506,0.604729,0.5167778,-0.09646506,0.604729
8.4336988,0.3665049,-0.2063331,0.6086529,0.4948266,-0.1608685,0.6495241,0.5163018,-0.0991055,0.6050152,0.5163018,-0.0991055,0.6050152
8.4656775,0.3665679,-0.2063227,0.6087438,0.4954095,-0.1608083,0.6495705,0.5167938,-0.09886197,0.605025,0.5167938,-0.09886197,0.605025
8.5006724,0.3666242,-0.2063537,0.6087737,0.4944438,-0.161345,0.6494756,0.5151173,-0.101422,0.6053593,0.5151173,-0.101422,0.6053593
8.5356505,0.3665299,-0.2064965,0.6086148,0.4946223,-0.1613528,0.649253,0.5161908,-0.1001534,0.6050127,0.5161908,-0.1001534,0.6050127
8.5666319,0.3665981,-0.2064998,0.608649,0.4949275,-0.161255,0.6494868,0.5161103,-0.1002064,0.6050382,0.5161103,-0.1002064,0.6050382
8.5986283,0.366526,-0.2065518,0.6085972,0.4947959,-0.161198,0.6497138,0.516431,-0.1000537,0.6050383,0.516431,-0.1000537,0.6050383
8.6336091,0.3664476,-0.2066562,0.6084495,0.494495,-0.1613462,0.6494945,0.5159043,-0.09953513,0.6051312,0.5159043,-0.09953513,0.6051312
8.6686269,0.3663743,-0.2068109,0.6082888,0.4950635,-0.1614252,0.649377,0.5169275,-0.09917545,0.6051692,0.5169275,-0.09917545,0.6051692
8.7006059,0.3934183,-0.2010758,0.565752,0.4939109,-0.1625977,0.6375101,0.5174077,-0.09740649,0.6051554,0.5174077,-0.09740649,0.6051554
8.733584,0.3672825,-0.2063435,0.6080138,0.4958165,-0.1614951,0.6489607,0.516445,-0.09864337,0.6051277,0.516445,-0.09864337,0.6051277
8.7665959,0.367232,-0.20648,0.6079644,0.4951785,-0.1618008,0.6487733,0.516237,-0.09988876,0.6050222,0.516237,-0.09988876,0.6050222
8.8895471,0.3672765,-0.2069754,0.6083526,0.4963335,-0.1636639,0.6491764,0.5172393,-0.1002773,0.605451,0.5172393,-0.1002773,0.605451
8.9095343,0.3671848,-0.2074366,0.6086587,0.4967985,-0.1645741,0.6498234,0.5169656,-0.09977318,0.605571,0.5169656,-0.09977318,0.605571
8.9335201,0.3664391,-0.2084243,0.6085249,0.4962296,-0.1669221,0.650158,0.517756,-0.0988171,0.6060418,0.517756,-0.0988171,0.6060418
8.9686968,0.365988,-0.209736,0.6089635,0.496786,-0.1677259,0.6526933,0.5171127,-0.1009624,0.6073382,0.5171127,-0.1009624,0.6073382
8.9996817,0.3719995,-0.2073493,0.6166611,0.4973094,-0.168939,0.6527415,0.5167329,-0.1035516,0.6080832,0.5167329,-0.1035516,0.6080832
9.0376536,0.3702134,-0.209201,0.6152824,0.4969614,-0.1701517,0.6518139,0.5169456,-0.1100067,0.6080428,0.5169456,-0.1100067,0.6080428
9.0667347,0.3696395,-0.2102694,0.6150919,0.4974555,-0.1718818,0.6535001,0.5182688,-0.1063418,0.6086087,0.5182688,-0.1063418,0.6086087
9.1067113,0.3976315,-0.2060388,0.5709043,0.4954871,-0.1737474,0.6403525,0.5190041,-0.1030396,0.6089276,0.5190041,-0.1030396,0.6089276
9.1326932,0.397036,-0.2063523,0.5706329,0.4950446,-0.1749592,0.6408325,0.5182126,-0.1043568,0.609098,0.5182126,-0.1043568,0.609098
9.1687057,0.3963766,-0.2066405,0.5702493,0.4962443,-0.1760922,0.6416821,0.5204076,-0.1048004,0.6105018,0.5204076,-0.1048004,0.6105018
9.199687,0.3962013,-0.2069222,0.5702114,0.496348,-0.1777657,0.6416509,0.5206497,-0.1055268,0.6119956,0.5206497,-0.1055268,0.6119956
9.2336669,0.3956631,-0.2072186,0.5697492,0.4961263,-0.178105,0.6400278,0.5198611,-0.1059238,0.6133837,0.5198611,-0.1059238,0.6133837
9.2656446,0.3949953,-0.2075169,0.5691581,0.49532,-0.1795657,0.638364,0.5241456,-0.1055956,0.6148111,0.5241456,-0.1055956,0.6148111
9.2996464,0.394751,-0.2079264,0.5688109,0.4963545,-0.1790863,0.6384003,0.521993,-0.1113373,0.6149392,0.521993,-0.1113373,0.6149392
9.3347202,0.3944532,-0.2082731,0.568355,0.4954691,-0.1820058,0.6384639,0.5206852,-0.1147923,0.6151125,0.5206852,-0.1147923,0.6151125
9.3687415,0.3942719,-0.208508,0.5681931,0.4941307,-0.1831619,0.6384089,0.5200257,-0.1117822,0.6153793,0.5200257,-0.1117822,0.6153793
9.3987245,0.394215,-0.2087574,0.5676657,0.4947934,-0.1838654,0.6373942,0.5220498,-0.1116788,0.6190351,0.5220498,-0.1116788,0.6190351
9.4337009,0.3941962,-0.2091374,0.5672337,0.49465,-0.184762,0.6385098,0.5198132,-0.1168104,0.6191869,0.5198132,-0.1168104,0.6191869
9.4666994,0.3945949,-0.209192,0.5672501,0.4954084,-0.1850521,0.6379529,0.5203139,-0.1146739,0.6207183,0.5203139,-0.1146739,0.6207183
9.4996788,0.3947184,-0.2093767,0.5668851,0.4950439,-0.1868756,0.6380985,0.5202258,-0.1212889,0.6203301,0.5202258,-0.1212889,0.6203301
9.5336578,0.3949921,-0.2094721,0.5666673,0.494586,-0.1874822,0.6386513,0.5207089,-0.1212404,0.6193967,0.5207089,-0.1212404,0.6193967
9.567636,0.3950491,-0.2094979,0.5663837,0.4949408,-0.1876077,0.6384156,0.5215843,-0.1163939,0.6193444,0.5215843,-0.1163939,0.6193444
9.5996167,0.3955045,-0.2093872,0.5663233,0.4950151,-0.1879176,0.6386343,0.5198441,-0.1195274,0.61904,0.5198441,-0.1195274,0.61904
9.6346113,0.3958284,-0.209285,0.5663058,0.495052,-0.1876343,0.6384023,0.5193794,-0.1180698,0.6196471,0.5193794,-0.1180698,0.6196471
9.6656113,0.3966172,-0.2091217,0.5664385,0.4952596,-0.1871634,0.6374123,0.5179731,-0.1212128,0.6193275,0.5179731,-0.1212128,0.6193275
9.6995885,0.3968613,-0.2091514,0.5663213,0.4958917,-0.1876553,0.6370842,0.521525,-0.1209265,0.6205015,0.521525,-0.1209265,0.6205015
9.7335921,0.3970472,-0.209174,0.5661919,0.4958405,-0.1891193,0.6371841,0.5219299,-0.1204091,0.6212187,0.5219299,-0.1204091,0.6212187
9.7675702,0.400611,-0.2099871,0.559853,0.4949703,-0.1900682,0.6353316,0.5197259,-0.1198189,0.6205624,0.5197259,-0.1198189,0.6205624
9.7995735,0.4012123,-0.2093191,0.5571606,0.4945166,-0.1906696,0.634618,0.521771,-0.1186207,0.6235358,0.521771,-0.1186207,0.6235358
9.8335521,0.4001734,-0.2099106,0.5592059,0.4946581,-0.1917793,0.6339361,0.5204544,-0.1229768,0.6214597,0.5204544,-0.1229768,0.6214597
9.8665333,0.3998965,-0.210323,0.5601827,0.4947633,-0.1925929,0.635031,0.5213929,-0.1203494,0.6228536,0.5213929,-0.1203494,0.6228536
9.8995113,0.3995402,-0.2106114,0.5608686,0.4942054,-0.1940162,0.6353649,0.5223613,-0.1210143,0.624043,0.5223613,-0.1210143,0.624043
9.9335882,0.3991344,-0.210859,0.5611764,0.4944723,-0.1939717,0.6344874,0.5201322,-0.1247609,0.6230659,0.5201322,-0.1247609,0.6230659
10.0035615,0.4015845,-0.2098711,0.5559145,0.4955529,-0.1930474,0.6340817,0.5239515,-0.1210706,0.6259698,0.5239515,-0.1210706,0.6259698
10.0565284,0.4020462,-0.209832,0.5549651,0.4948515,-0.1938624,0.6344946,0.5221173,-0.1206721,0.6261656,0.5221173,-0.1206721,0.6261656
10.0755155,0.4004673,-0.2114498,0.5580294,0.4939502,-0.1961234,0.6346628,0.522225,-0.1225481,0.6276586,0.522225,-0.1225481,0.6276586
10.1005803,0.3999254,-0.2123333,0.5595328,0.4946619,-0.196637,0.6356362,0.5222032,-0.123483,0.6268768,0.5222032,-0.123483,0.6268768
10.133561,0.3995503,-0.2128876,0.5606146,0.4938416,-0.1972713,0.6355226,0.5223857,-0.1234,0.6276878,0.5223857,-0.1234,0.6276878
10.1669079,0.3992745,-0.2132113,0.5614619,0.4937197,-0.1979567,0.6369212,0.5247804,-0.1236426,0.6301115,0.5247804,-0.1236426,0.6301115
10.1999324,0.3989867,-0.2135198,0.5618976,0.4934301,-0.1977916,0.6370356,0.5230557,-0.1238105,0.6282228,0.5230557,-0.1238105,0.6282228
10.2339925,0.3988086,-0.2137436,0.5623539,0.492933,-0.1980054,0.636475,0.5222585,-0.1246488,0.62897,0.5222585,-0.1246488,0.62897
10.265998,0.3985305,-0.2139477,0.562489,0.4941062,-0.1976825,0.6369207,0.5218121,-0.1260578,0.6277861,0.5218121,-0.1260578,0.6277861
10.2999802,0.3983109,-0.2141577,0.5626044,0.4929246,-0.1979748,0.6367599,0.5207456,-0.1263935,0.6278837,0.5207456,-0.1263935,0.6278837
10.3329563,0.3982699,-0.2142888,0.5627875,0.4933596,-0.1972804,0.6364202,0.5206971,-0.1271013,0.6283804,0.5206971,-0.1271013,0.6283804
10.373332,0.3982784,-0.2143409,0.5629696,0.4936652,-0.1971854,0.6361564,0.5212572,-0.1260988,0.6279163,0.5212572,-0.1260988,0.6279163
10.4143002,0.3982444,-0.2144283,0.5631118,0.4943628,-0.1973402,0.636452,0.5217988,-0.1249161,0.628113,0.5217988,-0.1249161,0.628113
10.4382841,0.3982569,-0.2144379,0.5632261,0.4934396,-0.1973877,0.6360202,0.5223109,-0.1251227,0.6273201,0.5223109,-0.1251227,0.6273201
10.4662664,0.3982329,-0.2144554,0.5633433,0.4942929,-0.1970817,0.6365188,0.5226417,-0.1251178,0.627363,0.5226417,-0.1251178,0.627363
10.5002475,0.398219,-0.2144918,0.563417,0.4947922,-0.197305,0.6369166,0.5228506,-0.1251529,0.6274136,0.5228506,-0.1251529,0.6274136
10.5352238,0.3981955,-0.2145146,0.5634995,0.4939139,-0.1971788,0.6372972,0.5221945,-0.1252022,0.6273916,0.5221945,-0.1252022,0.6273916
10.5662214,0.3981601,-0.2145141,0.5635783,0.4939489,-0.1971167,0.6372947,0.5228428,-0.1257481,0.6275972,0.5228428,-0.1257481,0.6275972
10.5992353,0.3981817,-0.2145108,0.5636642,0.4949723,-0.1970527,0.6380469,0.522426,-0.1264411,0.6279574,0.522426,-0.1264411,0.6279574
10.6332142,0.3981518,-0.2145114,0.5637079,0.4945704,-0.1965307,0.6390295,0.5219496,-0.1269943,0.627436,0.5219496,-0.1269943,0.627436
10.6681946,0.3981649,-0.2145146,0.5638336,0.4957588,-0.1957576,0.6399442,0.5227202,-0.1249658,0.6276888,0.5227202,-0.1249658,0.6276888
10.7041716,0.3983213,-0.2146925,0.5638255,0.494188,-0.1957491,0.6382005,0.5221403,-0.1262565,0.6269265,0.5221403,-0.1262565,0.6269265
10.7361516,0.3983412,-0.2146564,0.5638827,0.4952494,-0.196022,0.6396695,0.5212007,-0.1273671,0.6274887,0.5212007,-0.1273671,0.6274887
10.7711788,0.3983576,-0.2146155,0.5639302,0.4960653,-0.1959694,0.6399333,0.5229398,-0.1267015,0.627179,0.5229398,-0.1267015,0.627179
10.8061573,0.3983723,-0.214542,0.5639679,0.4957936,-0.1953493,0.6388103,0.5221831,-0.1262991,0.6269876,0.5221831,-0.1262991,0.6269876
10.8365253,0.3983707,-0.2144962,0.5640144,0.4960653,-0.1961334,0.6402017,0.5240172,-0.124931,0.6284422,0.5240172,-0.124931,0.6284422
10.870507,0.3983489,-0.2145017,0.5640501,0.4958667,-0.1964169,0.6394767,0.5226796,-0.126238,0.6270951,0.5226796,-0.126238,0.6270951
10.9024851,0.3983811,-0.2145251,0.564126,0.4959205,-0.1959971,0.6387281,0.5226712,-0.128588,0.6270368,0.5226712,-0.128588,0.6270368
10.9324644,0.3984452,-0.2144912,0.5642042,0.495334,-0.1960883,0.6394221,0.5227245,-0.1263433,0.6271423,0.5227245,-0.1263433,0.6271423
10.9664436,0.3984551,-0.2144585,0.5642528,0.4952708,-0.1953126,0.6391956,0.5216347,-0.1263758,0.6269264,0.5216347,-0.1263758,0.6269264
10.9994227,0.3985792,-0.2144639,0.5640994,0.4957571,-0.1944199,0.6392391,0.5222758,-0.1254174,0.6273059,0.5222758,-0.1254174,0.6273059
11.0334022,0.3985574,-0.2143771,0.5642112,0.4946407,-0.1946791,0.6387605,0.5216309,-0.1263772,0.626987,0.5216309,-0.1263772,0.626987
11.0663817,0.3985339,-0.2142465,0.5642768,0.4948894,-0.1936364,0.63895,0.5216248,-0.1263812,0.6269792,0.5216248,-0.1263812,0.6269792
11.1033763,0.3986859,-0.2141308,0.5644872,0.4951376,-0.1941126,0.6400136,0.5221081,-0.1261688,0.6270498,0.5221081,-0.1261688,0.6270498
11.139381,0.3987001,-0.2140392,0.5645374,0.4951375,-0.1934232,0.6391683,0.5220149,-0.1265697,0.627152,0.5220149,-0.1265697,0.627152
11.1793563,0.3987353,-0.2139851,0.5645906,0.4949126,-0.1938286,0.6395757,0.5220782,-0.1262116,0.627045,0.5220782,-0.1262116,0.627045
11.2023425,0.3987921,-0.2139185,0.5646881,0.4953237,-0.1938037,0.6404555,0.5218257,-0.125716,0.6271815,0.5218257,-0.125716,0.6271815
11.2383206,0.3988755,-0.2138556,0.5647671,0.4953786,-0.1941932,0.6394615,0.522227,-0.1261969,0.6270762,0.522227,-0.1261969,0.6270762
11.266302,0.3989497,-0.213937,0.5646605,0.4960356,-0.1934462,0.6395457,0.5221982,-0.1265918,0.627197,0.5221982,-0.1265918,0.627197
11.2992816,0.3989508,-0.21384,0.5646807,0.4970542,-0.1933735,0.6389904,0.5225991,-0.1270235,0.6261125,0.5225991,-0.1270235,0.6261125
11.3332605,0.398896,-0.2137369,0.5646548,0.4964981,-0.1936232,0.6390965,0.522432,-0.1264735,0.6264774,0.522432,-0.1264735,0.6264774
11.3662768,0.3989334,-0.2136401,0.5646611,0.4975122,-0.1940585,0.6389429,0.5224749,-0.1273107,0.6260042,0.5224749,-0.1273107,0.6260042
11.3992567,0.3990568,-0.2134157,0.5647808,0.4967287,-0.1942197,0.6372504,0.5220966,-0.1257316,0.6266634,0.5220966,-0.1257316,0.6266634
11.4362806,0.3990937,-0.2134502,0.564852,0.4948486,-0.1940946,0.6367484,0.5216906,-0.1258602,0.626524,0.5216906,-0.1258602,0.626524
11.4662616,0.4018029,-0.2111573,0.558646,0.4967904,-0.194275,0.63737,0.5223581,-0.1262525,0.6265029,0.5223581,-0.1262525,0.6265029
11.5002391,0.4021176,-0.2107217,0.5571816,0.4967581,-0.1939455,0.6362976,0.5230174,-0.1258421,0.6267356,0.5230174,-0.1258421,0.6267356
11.5332191,0.4023898,-0.2105837,0.55664,0.4957187,-0.1938335,0.6369477,0.5226679,-0.1256047,0.627223,0.5226679,-0.1256047,0.627223
11.5661983,0.4011412,-0.2110886,0.5595795,0.4958547,-0.1941001,0.6376712,0.5224814,-0.1258585,0.6270833,0.5224814,-0.1258585,0.6270833
11.5992175,0.4007176,-0.2114848,0.560753,0.4958717,-0.1940304,0.6377913,0.5226142,-0.1261425,0.626869,0.5226142,-0.1261425,0.626869
11.635223,0.4003719,-0.2116923,0.5614681,0.4952985,-0.1934233,0.6373973,0.5223233,-0.1257655,0.6272824,0.5223233,-0.1257655,0.6272824
11.6662719,0.4002115,-0.2118137,0.5620294,0.496235,-0.1933195,0.6381837,0.5222834,-0.125736,0.6273867,0.5222834,-0.125736,0.6273867
11.6992499,0.4001355,-0.2119584,0.5627071,0.4965351,-0.1935076,0.6383381,0.5224012,-0.1257958,0.6274049,0.5224012,-0.1257958,0.6274049
11.7342294,0.4000032,-0.2121319,0.5630959,0.4953499,-0.1939202,0.6379453,0.5220158,-0.1256038,0.6274371,0.5220158,-0.1256038,0.6274371
11.7663952,0.3999223,-0.2122993,0.5633497,0.4959178,-0.1943618,0.6381654,0.5222013,-0.1255997,0.6274536,0.5222013,-0.1255997,0.6274536
11.7994206,0.3998703,-0.2124404,0.5636125,0.4966208,-0.1943007,0.6382934,0.5233481,-0.1280636,0.6263363,0.5233481,-0.1280636,0.6263363
11.8333998,0.3998522,-0.2125142,0.5638848,0.4966944,-0.1947899,0.6382049,0.5218905,-0.127559,0.6264185,0.5218905,-0.127559,0.6264185
11.8663776,0.3998374,-0.212474,0.563857,0.4967829,-0.1945332,0.6378005,0.5232303,-0.1266051,0.6272235,0.5232303,-0.1266051,0.6272235
11.908352,0.3998106,-0.2126068,0.5640866,0.4977407,-0.1950507,0.6382089,0.5228224,-0.1290046,0.6254936,0.5228224,-0.1290046,0.6254936
11.9353374,0.3996273,-0.2127155,0.5642112,0.4974105,-0.1949516,0.6378331,0.5225126,-0.1267865,0.6268513,0.5225126,-0.1267865,0.6268513
11.9723149,0.3995587,-0.212794,0.5643069,0.4969207,-0.194868,0.6380189,0.5230219,-0.1270662,0.626778,0.5230219,-0.1270662,0.626778
12.0092961,0.3995405,-0.2128869,0.5644281,0.4974501,-0.1949257,0.6379938,0.5223991,-0.1267913,0.6268661,0.5223991,-0.1267913,0.6268661
12.0382732,0.3995636,-0.2128297,0.564396,0.4988182,-0.1945903,0.6400886,0.5248766,-0.1271314,0.6266519,0.5248766,-0.1271314,0.6266519
12.0652542,0.3994675,-0.2127804,0.5645222,0.4996732,-0.194336,0.6400489,0.5246924,-0.1270567,0.626639,0.5246924,-0.1270567,0.626639
12.0992739,0.3994378,-0.2127032,0.5644801,0.4987496,-0.194244,0.6403884,0.5247468,-0.1280035,0.6264634,0.5247468,-0.1280035,0.6264634
12.1324299,0.3993758,-0.2127643,0.5646166,0.498765,-0.1947287,0.6400294,0.5234989,-0.1281874,0.6260353,0.5234989,-0.1281874,0.6260353
12.1664228,0.3993474,-0.2127913,0.5646957,0.4979738,-0.1947539,0.639743,0.5235884,-0.1270286,0.6267172,0.5235884,-0.1270286,0.6267172
12.1994011,0.4013895,-0.211379,0.5600603,0.4976324,-0.1951263,0.6382883,0.5236534,-0.1269434,0.6271463,0.5236534,-0.1269434,0.6271463
12.2324047,0.4020038,-0.2109452,0.5587954,0.4976827,-0.1954954,0.6382178,0.5225835,-0.1267946,0.6271094,0.5225835,-0.1267946,0.6271094
12.265928,0.4023632,-0.2108679,0.5579363,0.4968181,-0.196149,0.6378033,0.5225224,-0.1273238,0.626892,0.5225224,-0.1273238,0.626892
12.3080809,0.4010032,-0.2120839,0.5610963,0.4961913,-0.1963038,0.638044,0.5226221,-0.1267709,0.6276953,0.5226221,-0.1267709,0.6276953
12.3330635,0.4003725,-0.2126152,0.5624543,0.4963938,-0.1965469,0.6380102,0.5225703,-0.1279393,0.6266356,0.5225703,-0.1279393,0.6266356
12.3660428,0.4000388,-0.2129228,0.5632075,0.4965215,-0.1966936,0.6380025,0.523191,-0.128062,0.626597,0.523191,-0.128062,0.626597
12.3990596,0.3995382,-0.2132156,0.5636768,0.496009,-0.1970222,0.6399603,0.5219048,-0.1270579,0.6271343,0.5219048,-0.1270579,0.6271343
12.433002,0.3992803,-0.2133341,0.564034,0.4963183,-0.1974929,0.6406609,0.5218065,-0.1265639,0.6271503,0.5218065,-0.1265639,0.6271503
12.4660525,0.4006093,-0.2127457,0.5612602,0.4942714,-0.1973929,0.6387194,0.521605,-0.1286897,0.6261283,0.521605,-0.1286897,0.6261283
12.4990315,0.401181,-0.2124697,0.5600599,0.494388,-0.1969631,0.6372206,0.5216593,-0.126877,0.6270633,0.5216593,-0.126877,0.6270633
12.5340127,0.400089,-0.2135316,0.5623614,0.494799,-0.1978554,0.6382993,0.521629,-0.1279611,0.6266152,0.521629,-0.1279611,0.6266152
12.5670292,0.3996644,-0.2140607,0.5633625,0.4956272,-0.1982342,0.6401266,0.5216805,-0.126886,0.627039,0.5216805,-0.126886,0.627039
12.5990853,0.3697052,-0.2344346,0.6129462,0.4995185,-0.2019739,0.657129,0.5208681,-0.1371343,0.6235406,0.5208681,-0.1371343,0.6235406
12.6330858,0.369609,-0.2345341,0.6128836,0.4998509,-0.201242,0.6568735,0.5205432,-0.1361923,0.6238519,0.5205432,-0.1361923,0.6238519
12.6680641,0.3695797,-0.2345865,0.612855,0.4994831,-0.2015704,0.6572441,0.5206192,-0.134587,0.6243144,0.5206192,-0.134587,0.6243144
12.701045,0.369639,-0.2345472,0.612999,0.500508,-0.20178,0.6576884,0.5213929,-0.135658,0.6242955,0.5213929,-0.135658,0.6242955
12.7330428,0.3693125,-0.2347537,0.6126951,0.4988075,-0.2019423,0.6574669,0.5202987,-0.134363,0.6243964,0.5202987,-0.134363,0.6243964
12.7670251,0.3691926,-0.2348864,0.6125989,0.4989126,-0.2018964,0.6575001,0.520332,-0.1340161,0.6241343,0.520332,-0.1340161,0.6241343
12.799044,0.3692052,-0.2349394,0.612594,0.4995333,-0.2016792,0.6573839,0.5208294,-0.1338092,0.6242473,0.5208294,-0.1338092,0.6242473
12.8340232,0.3692043,-0.2349713,0.6125376,0.4990717,-0.2015995,0.6575633,0.5198299,-0.135152,0.624186,0.5198299,-0.135152,0.624186
12.8680011,0.3692778,-0.2349806,0.6126307,0.4999758,-0.2011649,0.6573481,0.5197284,-0.138784,0.6218957,0.5197284,-0.138784,0.6218957
12.8999824,0.3965932,-0.2158538,0.5670103,0.4954736,-0.1974109,0.6413611,0.5208775,-0.1300973,0.6260252,0.5208775,-0.1300973,0.6260252
12.9329626,0.3693703,-0.2351106,0.6121546,0.499553,-0.2010301,0.6576981,0.5202116,-0.1369337,0.6229001,0.5202116,-0.1369337,0.6229001
12.9699383,0.3967887,-0.215595,0.5668945,0.4946735,-0.1973255,0.641153,0.5201505,-0.130585,0.626159,0.5201505,-0.130585,0.626159
13.0009224,0.3967685,-0.2156037,0.5668721,0.4939171,-0.197019,0.6407962,0.5196942,-0.1305557,0.6261561,0.5196942,-0.1305557,0.6261561
13.034031,0.396901,-0.2155405,0.566987,0.494221,-0.1969449,0.6410654,0.5201383,-0.1300489,0.6260549,0.5201383,-0.1300489,0.6260549
13.067053,0.3970095,-0.215504,0.5670495,0.4938792,-0.1970007,0.641329,0.5204777,-0.1299826,0.6260992,0.5204777,-0.1299826,0.6260992
13.0990294,0.3968337,-0.2156019,0.5670095,0.4935942,-0.1970736,0.6406866,0.5205781,-0.1300716,0.6267994,0.5205781,-0.1300716,0.6267994
13.1330084,0.396818,-0.2156599,0.5670491,0.4937793,-0.1978638,0.6416653,0.5196936,-0.1296027,0.6267037,0.5196936,-0.1296027,0.6267037
13.1679868,0.3968434,-0.2156425,0.5671276,0.4938306,-0.1974541,0.6420197,0.5211244,-0.1302752,0.6270752,0.5211244,-0.1302752,0.6270752
13.1989682,0.3965833,-0.2158132,0.5670136,0.492993,-0.197502,0.6419214,0.522101,-0.128635,0.6282412,0.522101,-0.128635,0.6282412
13.2349471,0.396553,-0.215912,0.5670274,0.4938856,-0.1976688,0.6419031,0.521301,-0.1308076,0.6270399,0.521301,-0.1308076,0.6270399
13.265926,0.3965969,-0.2159671,0.5670952,0.4935056,-0.1976495,0.6424494,0.5210462,-0.1312611,0.6264454,0.5210462,-0.1312611,0.6264454
13.299905,0.3964912,-0.2160194,0.567141,0.492676,-0.1982298,0.642947,0.5196953,-0.129235,0.6284257,0.5196953,-0.129235,0.6284257
13.3349262,0.39641,-0.2160449,0.5671569,0.493592,-0.1978939,0.6429019,0.5194981,-0.1286324,0.6285661,0.5194981,-0.1286324,0.6285661
13.366992,0.3965473,-0.2159697,0.5672913,0.4925439,-0.1977771,0.6418849,0.5191298,-0.1290203,0.6285306,0.5191298,-0.1290203,0.6285306
13.3989696,0.3966128,-0.2159817,0.567425,0.4931971,-0.1977934,0.6427662,0.5202706,-0.1303851,0.6276,0.5202706,-0.1303851,0.6276
13.4560744,0.3965869,-0.2160638,0.5674544,0.4934932,-0.1978221,0.6428573,0.520504,-0.1302493,0.6273443,0.520504,-0.1302493,0.6273443
13.5030515,0.396569,-0.2161014,0.5674845,0.4939114,-0.1974416,0.6421522,0.520887,-0.129628,0.627847,0.520887,-0.129628,0.627847
13.5419584,0.3965588,-0.216246,0.5675531,0.4927911,-0.1980604,0.642728,0.5207729,-0.1293301,0.6277621,0.5207729,-0.1293301,0.6277621
13.5659465,0.3965743,-0.2162255,0.567564,0.4937683,-0.1976116,0.6427521,0.520355,-0.1299287,0.6274149,0.520355,-0.1299287,0.6274149
13.5989916,0.3965625,-0.2162541,0.5675716,0.4943612,-0.1977434,0.6429639,0.5212965,-0.1292464,0.627818,0.5212965,-0.1292464,0.627818
13.6329837,0.3965927,-0.2162656,0.5675897,0.493482,-0.197099,0.6415147,0.5212289,-0.1292462,0.6278309,0.5212289,-0.1292462,0.6278309
13.6670624,0.3966367,-0.2162794,0.5676013,0.4940999,-0.197465,0.6427215,0.5213717,-0.1292289,0.6278426,0.5213717,-0.1292289,0.6278426
13.6990588,0.3966757,-0.2162662,0.5675985,0.4940593,-0.1967061,0.6419969,0.5212575,-0.1287727,0.6279398,0.5212575,-0.1287727,0.6279398
13.7330378,0.396705,-0.2162377,0.5675393,0.4939815,-0.1956325,0.6416187,0.5199748,-0.1294932,0.6271504,0.5199748,-0.1294932,0.6271504
13.7660502,0.3967845,-0.2162679,0.5675049,0.4928151,-0.1963651,0.6422352,0.5195085,-0.1300869,0.6271399,0.5195085,-0.1300869,0.6271399
13.8000747,0.3968294,-0.2163204,0.5675244,0.4934129,-0.196445,0.6425604,0.5208644,-0.1293589,0.6278725,0.5208644,-0.1293589,0.6278725
13.8351126,0.3968455,-0.2163075,0.5675054,0.4935824,-0.1957004,0.6425672,0.5209426,-0.129361,0.6278666,0.5209426,-0.129361,0.6278666
13.8661651,0.3968904,-0.2162659,0.567512,0.4934593,-0.1956826,0.6424366,0.5204259,-0.129675,0.6273939,0.5204259,-0.129675,0.6273939
13.9011652,0.3969147,-0.2162041,0.5675014,0.4925584,-0.1954816,0.6420461,0.5185399,-0.1298734,0.6269189,0.5185399,-0.1298734,0.6269189
13.9331427,0.3970886,-0.216179,0.5672563,0.4924512,-0.1950364,0.642332,0.5181851,-0.1289162,0.6278395,0.5181851,-0.1289162,0.6278395
13.968204,0.3971052,-0.2161184,0.5673344,0.4917067,-0.1955038,0.6417448,0.5164217,-0.1292519,0.6272597,0.5164217,-0.1292519,0.6272597
13.9991832,0.3971457,-0.2159846,0.5671626,0.4908435,-0.1956783,0.6412418,0.5148413,-0.12746,0.6276222,0.5148413,-0.12746,0.6276222
14.0341628,0.397023,-0.2159877,0.5670734,0.4903177,-0.1949779,0.6410809,0.5155064,-0.1287697,0.6269738,0.5155064,-0.1287697,0.6269738
14.0661429,0.3970237,-0.2159323,0.567095,0.4895496,-0.1954935,0.6404361,0.5125055,-0.1288084,0.6268417,0.5125055,-0.1288084,0.6268417
14.1001365,0.3970106,-0.2158641,0.5670716,0.4893844,-0.1961506,0.6407534,0.512133,-0.1306798,0.6250731,0.512133,-0.1306798,0.6250731
14.1351124,0.396899,-0.2158226,0.5670056,0.4887183,-0.1958867,0.6396966,0.5140779,-0.1291238,0.6262161,0.5140779,-0.1291238,0.6262161
14.1660933,0.3968176,-0.215783,0.5669132,0.4874644,-0.1955458,0.6384734,0.5076702,-0.1284173,0.6248755,0.5076702,-0.1284173,0.6248755
14.1991618,0.3969542,-0.2157097,0.5669779,0.4871502,-0.19571,0.6386421,0.5095648,-0.1286232,0.6252138,0.5095648,-0.1286232,0.6252138
14.2341423,0.3969376,-0.2157629,0.5669886,0.4865559,-0.1961778,0.6385953,0.5075895,-0.1287184,0.6250463,0.5075895,-0.1287184,0.6250463
14.2666272,0.3969649,-0.215753,0.5669924,0.4873421,-0.1968603,0.6382117,0.5108565,-0.1290805,0.6248124,0.5108565,-0.1290805,0.6248124
14.3016291,0.3969213,-0.2157972,0.5669919,0.4860923,-0.1967303,0.638184,0.5060253,-0.1288384,0.624948,0.5060253,-0.1288384,0.624948
14.3336384,0.3968668,-0.215998,0.566979,0.4842933,-0.197421,0.6370933,0.5018647,-0.1305535,0.6237726,0.5018647,-0.1305535,0.6237726
14.3666183,0.3964853,-0.2161723,0.5668317,0.4832836,-0.1987703,0.6360332,0.5044761,-0.130705,0.6245001,0.5044761,-0.130705,0.6245001
14.3996158,0.3961955,-0.2163165,0.5668503,0.4822328,-0.1988447,0.6365201,0.4995594,-0.1316232,0.624836,0.4995594,-0.1316232,0.624836
14.4356424,0.3960199,-0.2164501,0.5669246,0.4816231,-0.1978947,0.635299,0.4996189,-0.1314367,0.6241751,0.4996189,-0.1314367,0.6241751
14.4666507,0.395714,-0.2166819,0.5669332,0.4809141,-0.1972416,0.6348625,0.4957247,-0.1320892,0.6246573,0.4957247,-0.1320892,0.6246573
14.4997557,0.3953338,-0.217002,0.5670794,0.4797587,-0.1996802,0.6367387,0.4948421,-0.1344848,0.6235267,0.4948421,-0.1344848,0.6235267
14.5337385,0.395007,-0.2175472,0.5672447,0.4785912,-0.1996959,0.6368484,0.4927926,-0.1352343,0.6240107,0.4927926,-0.1352343,0.6240107
14.5667159,0.3979036,-0.2191448,0.5607954,0.4764668,-0.1982978,0.6337197,0.493605,-0.1350628,0.6246465,0.493605,-0.1350628,0.6246465
14.6286746,0.3961757,-0.2194583,0.563374,0.4776005,-0.1979979,0.635974,0.4886495,-0.1330687,0.6254955,0.4886495,-0.1330687,0.6254955
14.6656669,0.3969688,-0.2201257,0.5614622,0.4756129,-0.1984011,0.6365781,0.4865167,-0.1359065,0.6246213,0.4865167,-0.1359065,0.6246213
14.6746615,0.3972253,-0.2203002,0.5604793,0.4740818,-0.1982885,0.6340641,0.4862859,-0.1368105,0.6232762,0.4862859,-0.1368105,0.6232762
14.6996453,0.3970463,-0.220459,0.5596514,0.4739218,-0.1985583,0.6347638,0.4877105,-0.1362909,0.6235306,0.4877105,-0.1362909,0.6235306
14.7336251,0.3970456,-0.2206296,0.5592493,0.4721851,-0.1987579,0.6350206,0.4790617,-0.1347809,0.6251258,0.4790617,-0.1347809,0.6251258
14.7699342,0.3940526,-0.2201936,0.5636991,0.4731828,-0.198926,0.6364107,0.4831593,-0.1363763,0.6256021,0.4831593,-0.1363763,0.6256021
14.8019295,0.3931276,-0.2201687,0.5650377,0.4725262,-0.199895,0.6371312,0.4844711,-0.135744,0.6254568,0.4844711,-0.135744,0.6254568
14.8339088,0.3925709,-0.220143,0.5657704,0.471892,-0.2003457,0.6372312,0.4835968,-0.1366711,0.6258444,0.4835968,-0.1366711,0.6258444
14.8668897,0.3919137,-0.2202994,0.5662767,0.4709185,-0.2002717,0.636999,0.4761117,-0.1351658,0.6282197,0.4761117,-0.1351658,0.6282197
14.9008679,0.3939077,-0.2212902,0.5626268,0.4705055,-0.2005898,0.6361575,0.4757049,-0.1343773,0.6297899,0.4757049,-0.1343773,0.6297899
14.9358567,0.3944339,-0.2219,0.5612458,0.4704201,-0.2008572,0.6356104,0.4766606,-0.1344757,0.6293511,0.4766606,-0.1344757,0.6293511
14.9658386,0.3946128,-0.2222105,0.5606599,0.4709841,-0.201582,0.6372669,0.4782859,-0.1339924,0.6301091,0.4782859,-0.1339924,0.6301091
14.9988363,0.3929144,-0.2227058,0.5638565,0.4698412,-0.2022344,0.6372491,0.4778286,-0.1397148,0.6277968,0.4778286,-0.1397148,0.6277968
15.0328144,0.3881648,-0.223581,0.5623588,0.4689798,-0.2024321,0.6379935,0.4714569,-0.1377456,0.6309127,0.4714569,-0.1377456,0.6309127
15.065795,0.3855319,-0.2239993,0.5618698,0.4700797,-0.2038508,0.6388547,0.4743825,-0.1370869,0.6320634,0.4743825,-0.1370869,0.6320634
15.0997736,0.3864787,-0.2239337,0.5587495,0.4689826,-0.2045056,0.6377973,0.4762975,-0.1368098,0.632671,0.4762975,-0.1368098,0.632671
15.1327525,0.3868157,-0.2238152,0.5578099,0.4692481,-0.2043949,0.6385671,0.4768155,-0.1391333,0.6310903,0.4768155,-0.1391333,0.6310903
15.165732,0.3847902,-0.2242277,0.5606967,0.4688148,-0.2047356,0.6393613,0.4699547,-0.1378159,0.6363655,0.4699547,-0.1378159,0.6363655
15.1987491,0.3852631,-0.2241442,0.558499,0.4674931,-0.20504,0.6390973,0.4691799,-0.1378771,0.6361949,0.4691799,-0.1378771,0.6361949
15.2337581,0.3853712,-0.2240259,0.5580161,0.4670465,-0.2047814,0.6397682,0.4682795,-0.1414836,0.6341215,0.4682795,-0.1414836,0.6341215
15.2687331,0.3833261,-0.2246853,0.5615678,0.4670179,-0.2061989,0.6415279,0.4675124,-0.1417339,0.6350082,0.4675124,-0.1417339,0.6350082
15.2997147,0.3841453,-0.2244584,0.5599761,0.4659874,-0.2050509,0.6405686,0.4611138,-0.1386632,0.6372955,0.4611138,-0.1386632,0.6372955
15.3327798,0.3841295,-0.2240404,0.5590374,0.4654875,-0.2058919,0.6408195,0.4683263,-0.1404865,0.6356682,0.4683263,-0.1404865,0.6356682
15.3667623,0.3843589,-0.223793,0.5588129,0.463501,-0.2051229,0.641009,0.4634426,-0.1377897,0.6420621,0.4634426,-0.1377897,0.6420621
15.3987553,0.3845131,-0.2234278,0.558649,0.4641262,-0.2048905,0.6422855,0.4628255,-0.1381354,0.6424178,0.4628255,-0.1381354,0.6424178
15.4348066,0.384569,-0.2232395,0.5587785,0.4636606,-0.2049903,0.6436711,0.4612166,-0.1381558,0.642338,0.4612166,-0.1381558,0.642338
15.4667872,0.3874714,-0.2227076,0.5606381,0.462182,-0.2044481,0.6438385,0.459208,-0.1383765,0.6424945,0.459208,-0.1383765,0.6424945
15.4988016,0.3872432,-0.2228196,0.5609227,0.4614146,-0.2041277,0.6438577,0.4619261,-0.1399439,0.6402007,0.4619261,-0.1399439,0.6402007
15.5337809,0.3915603,-0.2225105,0.562722,0.4604068,-0.2045412,0.6460922,0.456133,-0.1409133,0.6425266,0.456133,-0.1409133,0.6425266
15.5677659,0.3919907,-0.2223404,0.5630206,0.4589061,-0.2040131,0.6467106,0.4519506,-0.1391268,0.6459413,0.4519506,-0.1391268,0.6459413
15.5987474,0.3934112,-0.2219491,0.5637936,0.4577398,-0.2035802,0.6482266,0.4497243,-0.1392486,0.6459628,0.4497243,-0.1392486,0.6459628
15.6337866,0.3939686,-0.2214373,0.5645198,0.4569647,-0.2030381,0.647673,0.4478799,-0.1401461,0.6466238,0.4478799,-0.1401461,0.6466238
15.6657824,0.39513,-0.220957,0.5653811,0.4568179,-0.2025447,0.6500561,0.443359,-0.1363678,0.649873,0.443359,-0.1363678,0.649873
15.6987863,0.3948447,-0.220728,0.5660914,0.4552265,-0.2023675,0.6498774,0.4442525,-0.1366518,0.651926,0.4442525,-0.1366518,0.651926
15.7358965,0.3954245,-0.220362,0.5666509,0.4542959,-0.2018069,0.6508271,0.4417658,-0.1362327,0.652473,0.4417658,-0.1362327,0.652473
15.7768702,0.3955779,-0.2201389,0.567098,0.4543451,-0.2014773,0.6516502,0.439981,-0.1352586,0.6549222,0.439981,-0.1352586,0.6549222
15.8108875,0.3909291,-0.2197048,0.5746179,0.4530168,-0.2016172,0.6535889,0.4356805,-0.1374993,0.6525683,0.4356805,-0.1374993,0.6525683
15.8338755,0.4045768,-0.218205,0.580749,0.4534105,-0.2007422,0.6552972,0.4384701,-0.1340735,0.6546224,0.4384701,-0.1340735,0.6546224
15.8658524,0.406029,-0.2179897,0.5807567,0.4533129,-0.200073,0.6553361,0.435963,-0.1335307,0.6555076,0.435963,-0.1335307,0.6555076
15.9008678,0.400332,-0.2189599,0.5761374,0.4515524,-0.2000126,0.6550437,0.4339472,-0.1337264,0.6555562,0.4339472,-0.1337264,0.6555562
15.9329118,0.3994448,-0.2188275,0.5752422,0.451075,-0.1993793,0.6552269,0.4308057,-0.1336994,0.6568881,0.4308057,-0.1336994,0.6568881
15.9688942,0.4062017,-0.2177489,0.5788888,0.4505963,-0.1998102,0.6562036,0.4326415,-0.1342721,0.6575517,0.4326415,-0.1342721,0.6575517
15.9998703,0.3981194,-0.2181073,0.5813484,0.4488437,-0.1987307,0.6574574,0.4230424,-0.1327824,0.6632688,0.4230424,-0.1327824,0.6632688
16.0339464,0.3984666,-0.2177208,0.5790119,0.4479547,-0.198303,0.6565553,0.4271634,-0.134737,0.6595337,0.4271634,-0.134737,0.6595337
16.0669675,0.3979838,-0.2174875,0.578229,0.4466255,-0.1976144,0.656523,0.4262934,-0.1346986,0.6596847,0.4262934,-0.1346986,0.6596847
16.0999933,0.3974689,-0.2174978,0.5774211,0.4454912,-0.196239,0.6569538,0.4213082,-0.1351608,0.6636865,0.4213082,-0.1351608,0.6636865
16.1330079,0.3967347,-0.2175989,0.5765836,0.4433678,-0.1966754,0.6571176,0.4185319,-0.1351573,0.6639684,0.4185319,-0.1351573,0.6639684
16.1659863,0.3959991,-0.217503,0.5762545,0.4436604,-0.1962116,0.6571703,0.4228657,-0.1345966,0.6636119,0.4228657,-0.1345966,0.6636119
16.1989668,0.3955375,-0.2172169,0.5759218,0.4423645,-0.1959336,0.6586502,0.4189404,-0.1348899,0.6646526,0.4189404,-0.1348899,0.6646526
16.2349455,0.4032726,-0.2161848,0.5805306,0.4419119,-0.1956463,0.6586797,0.4145391,-0.1348097,0.6689377,0.4145391,-0.1348097,0.6689377
16.2669285,0.3997893,-0.2164727,0.5781923,0.440111,-0.1949521,0.6582268,0.4116992,-0.1349799,0.6689444,0.4116992,-0.1349799,0.6689444
16.3009068,0.404759,-0.2150851,0.5818036,0.4392797,-0.1944502,0.6582392,0.4123555,-0.1354908,0.6663952,0.4123555,-0.1354908,0.6663952
16.3508806,0.4052433,-0.2138835,0.5837238,0.4372302,-0.1934465,0.6580044,0.4065797,-0.1343979,0.6679486,0.4065797,-0.1343979,0.6679486
16.3898591,0.3998183,-0.2147674,0.5798,0.4358579,-0.1926342,0.6546537,0.4075556,-0.1356086,0.6681168,0.4075556,-0.1356086,0.6681168
16.4098367,0.3982008,-0.2146833,0.5789284,0.4356424,-0.192131,0.6545841,0.4085101,-0.1346897,0.6678106,0.4085101,-0.1346897,0.6678106
16.4328222,0.3972057,-0.214031,0.5786834,0.4332492,-0.1908365,0.6548028,0.4037241,-0.1339675,0.6690447,0.4037241,-0.1339675,0.6690447
16.4658545,0.3963344,-0.2137619,0.5783629,0.432884,-0.1904922,0.6546912,0.4021888,-0.1325076,0.6723822,0.4021888,-0.1325076,0.6723822
16.4988339,0.3957173,-0.2132079,0.5782577,0.4308988,-0.1901282,0.6553035,0.4003328,-0.1341871,0.6717522,0.4003328,-0.1341871,0.6717522
16.5328131,0.3947372,-0.2122852,0.57868,0.4303581,-0.1901665,0.6546652,0.4014723,-0.1338857,0.6724935,0.4014723,-0.1338857,0.6724935
16.5668829,0.394485,-0.2121138,0.5786704,0.4289168,-0.1901,0.6547666,0.3994302,-0.1332921,0.6727126,0.3994302,-0.1332921,0.6727126
16.598861,0.4004074,-0.2105304,0.5832614,0.4273151,-0.1894394,0.6553274,0.3970233,-0.1324695,0.6731135,0.3970233,-0.1324695,0.6731135
16.6328388,0.3978542,-0.2105682,0.5819187,0.4262352,-0.1889798,0.6551644,0.3943584,-0.1328476,0.6764731,0.3943584,-0.1328476,0.6764731
16.6668239,0.3955789,-0.2106292,0.5807679,0.4238831,-0.1887807,0.6551723,0.3949845,-0.1355021,0.6755118,0.3949845,-0.1355021,0.6755118
16.6997985,0.3985335,-0.2091434,0.5840439,0.4219583,-0.1884758,0.655669,0.3900998,-0.1359865,0.678237,0.3900998,-0.1359865,0.678237
16.7337801,0.3955405,-0.2091413,0.5828741,0.4204056,-0.1884881,0.655346,0.3889885,-0.1368853,0.6774758,0.3889885,-0.1368853,0.6774758
16.7657566,0.3938961,-0.2089419,0.5820655,0.417653,-0.1876346,0.6549011,0.3891134,-0.1367199,0.6766278,0.3891134,-0.1367199,0.6766278
16.7987362,0.383989,-0.2083906,0.5918654,0.4164925,-0.1872279,0.6563788,0.383948,-0.1336068,0.6766649,0.383948,-0.1336068,0.6766649
16.8347156,0.382351,-0.2082599,0.5926685,0.4152641,-0.1862416,0.6557366,0.3856035,-0.1331867,0.6772226,0.3856035,-0.1331867,0.6772226
16.8667448,0.38458,-0.2074516,0.5957847,0.4125211,-0.184621,0.6560277,0.3811632,-0.1337271,0.6769421,0.3811632,-0.1337271,0.6769421
16.938703,0.3849819,-0.2057646,0.5989057,0.4092786,-0.182057,0.6551196,0.3782713,-0.1339775,0.6769387,0.3782713,-0.1339775,0.6769387
16.9676809,0.3892683,-0.2028075,0.6052203,0.4075257,-0.1815022,0.6558359,0.3741779,-0.1334423,0.6812797,0.3741779,-0.1334423,0.6812797
16.9996607,0.3774077,-0.2051322,0.5957577,0.4065254,-0.1816346,0.6553262,0.3717085,-0.1342961,0.6810749,0.3717085,-0.1342961,0.6810749
17.0336415,0.373858,-0.2048965,0.5943758,0.4039372,-0.1817829,0.6553023,0.3684857,-0.1335008,0.6804145,0.3684857,-0.1335008,0.6804145
17.0656193,0.3790447,-0.2033253,0.5996307,0.4029295,-0.1814,0.6559883,0.3689027,-0.1343932,0.680129,0.3689027,-0.1343932,0.680129
17.0995995,0.3762226,-0.2034251,0.5981503,0.4019763,-0.1813696,0.6557922,0.365538,-0.133722,0.6821168,0.365538,-0.133722,0.6821168
17.1325787,0.3782699,-0.2025024,0.6007736,0.4006007,-0.1816227,0.6561872,0.3658338,-0.1372135,0.6833605,0.3658338,-0.1372135,0.6833605
17.1665585,0.3733127,-0.2034273,0.5970548,0.3985343,-0.1823724,0.6561459,0.3607248,-0.1380435,0.6856955,0.3607248,-0.1380435,0.6856955
17.1995381,0.3727148,-0.2046092,0.5962859,0.3975734,-0.1823322,0.6563693,0.360171,-0.1409518,0.6844906,0.360171,-0.1409518,0.6844906
17.2345167,0.3715219,-0.204386,0.5960767,0.3966159,-0.1828055,0.6564595,0.3610784,-0.143172,0.6855131,0.3610784,-0.143172,0.6855131
17.2664984,0.3711932,-0.204665,0.5961205,0.394608,-0.1829283,0.6565613,0.3569026,-0.1432138,0.6874155,0.3569026,-0.1432138,0.6874155
17.2994755,0.3706094,-0.2048835,0.5961918,0.391605,-0.1831128,0.6590725,0.3527416,-0.1439094,0.6864873,0.3527416,-0.1439094,0.6864873
17.3334553,0.3708706,-0.2049188,0.5962498,0.3915626,-0.1829844,0.6593695,0.3513513,-0.1454798,0.6876132,0.3513513,-0.1454798,0.6876132
17.3665244,0.3711302,-0.2050332,0.5961947,0.3917583,-0.1833599,0.6594291,0.3531419,-0.1463708,0.688026,0.3531419,-0.1463708,0.688026
17.4005034,0.3708714,-0.2050402,0.5965258,0.3888303,-0.1834583,0.6594666,0.3488477,-0.1472903,0.6882628,0.3488477,-0.1472903,0.6882628
17.433482,0.3706594,-0.2049065,0.5965689,0.389688,-0.1826383,0.6602008,0.3504813,-0.1458234,0.6873065,0.3504813,-0.1458234,0.6873065
17.4664617,0.3698515,-0.2049513,0.5963895,0.3865141,-0.1826656,0.660292,0.3464652,-0.146269,0.6880002,0.3464652,-0.146269,0.6880002
17.4995412,0.368822,-0.2050978,0.5957444,0.3866329,-0.1824237,0.6622123,0.3439112,-0.1464235,0.6880341,0.3439112,-0.1464235,0.6880341
17.5335561,0.3670461,-0.2052857,0.5951393,0.3838372,-0.1824148,0.6617514,0.3423196,-0.1483106,0.6849231,0.3423196,-0.1483106,0.6849231
17.5665369,0.3665595,-0.2047102,0.595444,0.3829303,-0.1823263,0.6622248,0.3394748,-0.1483806,0.6887093,0.3394748,-0.1483806,0.6887093
17.6006166,0.365752,-0.2040448,0.5960279,0.3802502,-0.1826899,0.6626763,0.3377929,-0.1484448,0.6876885,0.3377929,-0.1484448,0.6876885
17.6325957,0.3648736,-0.2035527,0.5961672,0.3793188,-0.1826427,0.662336,0.3359773,-0.1481591,0.6891084,0.3359773,-0.1481591,0.6891084
17.6656852,0.3638268,-0.2031119,0.5964425,0.3768562,-0.1828175,0.6632611,0.3336309,-0.1493283,0.6879261,0.3336309,-0.1493283,0.6879261
17.6996645,0.3601719,-0.2044436,0.5943547,0.3763483,-0.1828607,0.6647025,0.3295641,-0.1494876,0.6882918,0.3295641,-0.1494876,0.6882918
17.7326431,0.3583865,-0.2055014,0.592617,0.3766301,-0.1834491,0.6643883,0.3307586,-0.1510938,0.6904078,0.3307586,-0.1510938,0.6904078
17.7666262,0.3566483,-0.2063437,0.5912532,0.3748091,-0.183708,0.6645251,0.3279353,-0.1519438,0.6916941,0.3279353,-0.1519438,0.6916941
17.7986031,0.3563889,-0.2060124,0.5917326,0.373944,-0.1840695,0.6645577,0.3275908,-0.1532295,0.6926644,0.3275908,-0.1532295,0.6926644
17.833582,0.3558689,-0.2057467,0.5919898,0.3732159,-0.1842812,0.6645623,0.3259484,-0.1548287,0.6926208,0.3259484,-0.1548287,0.6926208
17.8655614,0.3518265,-0.2072976,0.5886711,0.3722905,-0.1844991,0.6645273,0.3254963,-0.1547428,0.6925933,0.3254963,-0.1547428,0.6925933
17.8985416,0.3517038,-0.2066878,0.589587,0.3710769,-0.1848106,0.6637865,0.3217834,-0.1545806,0.6908423,0.3217834,-0.1545806,0.6908423
17.9325203,0.3494551,-0.2075475,0.587884,0.3704678,-0.1848922,0.6641975,0.3237637,-0.1551951,0.6912935,0.3237637,-0.1551951,0.6912935
17.9663952,0.3491226,-0.2077022,0.5876959,0.3698741,-0.1849246,0.6637663,0.3231556,-0.1558158,0.6916053,0.3231556,-0.1558158,0.6916053
17.9993749,0.3478161,-0.2082415,0.5864525,0.3689514,-0.1848339,0.6617802,0.3205274,-0.1579318,0.6911285,0.3205274,-0.1579318,0.6911285
18.0725248,0.3452324,-0.2088158,0.5846274,0.3683634,-0.1844172,0.6652775,0.3169783,-0.1590778,0.6919994,0.3169783,-0.1590778,0.6919994
18.0995061,0.3442922,-0.2090633,0.5840364,0.3669169,-0.1844909,0.6635337,0.3141298,-0.159829,0.6940674,0.3141298,-0.159829,0.6940674
18.1325031,0.3443958,-0.2079452,0.5853237,0.3666952,-0.1846578,0.6638565,0.3147801,-0.1608391,0.694658,0.3147801,-0.1608391,0.694658
18.1664841,0.3438998,-0.2081614,0.5853705,0.3669249,-0.1851458,0.6636278,0.3148966,-0.1626318,0.6977879,0.3148966,-0.1626318,0.6977879
18.1994624,0.3436526,-0.2073685,0.5865263,0.3659968,-0.1853532,0.6625353,0.3151318,-0.1623095,0.6961009,0.3151318,-0.1623095,0.6961009
18.2334422,0.3427627,-0.2079517,0.5855951,0.3655645,-0.1855366,0.662228,0.3143568,-0.1643011,0.696411,0.3143568,-0.1643011,0.696411
18.2664218,0.3425575,-0.2076909,0.5857744,0.364781,-0.1864536,0.661423,0.3131644,-0.1665124,0.6964883,0.3131644,-0.1665124,0.6964883
18.2993999,0.3413421,-0.2087563,0.5843443,0.3649621,-0.1868251,0.6612625,0.3151088,-0.1651331,0.6962906,0.3151088,-0.1651331,0.6962906
18.3333797,0.3407701,-0.2093362,0.5837353,0.36506,-0.1872402,0.6615049,0.3153759,-0.1666643,0.6975249,0.3153759,-0.1666643,0.6975249
18.366394,0.3401632,-0.2097081,0.5836126,0.3632096,-0.1876681,0.6619097,0.3137718,-0.1661717,0.6977762,0.3137718,-0.1661717,0.6977762
18.3993748,0.3397635,-0.2101294,0.5833021,0.3620719,-0.1873988,0.6614251,0.3139005,-0.1657357,0.6955457,0.3139005,-0.1657357,0.6955457
18.4333534,0.3391089,-0.2105525,0.5826883,0.3627758,-0.187514,0.6608511,0.3135207,-0.1671672,0.6984358,0.3135207,-0.1671672,0.6984358
18.4663327,0.3388062,-0.2107075,0.5826275,0.3617941,-0.1879214,0.6605585,0.3135341,-0.1661583,0.6981274,0.3135341,-0.1661583,0.6981274
18.4993117,0.3386387,-0.2108801,0.5826419,0.3620129,-0.1879543,0.6603503,0.3135206,-0.1647276,0.6958843,0.3135206,-0.1647276,0.6958843
18.5342901,0.338155,-0.2111722,0.5825034,0.3605906,-0.1877046,0.6606939,0.3128655,-0.1670505,0.6977557,0.3128655,-0.1670505,0.6977557
18.5662708,0.3376669,-0.2105442,0.5834296,0.3594881,-0.1881407,0.6605548,0.3109267,-0.1680441,0.6971955,0.3109267,-0.1680441,0.6971955
18.5992637,0.3370488,-0.2110097,0.5829759,0.3595659,-0.1885216,0.6604643,0.3115093,-0.1679556,0.6978087,0.3115093,-0.1679556,0.6978087
18.6332632,0.3370156,-0.2102882,0.5844605,0.3580805,-0.1884785,0.6604769,0.3106574,-0.166904,0.6959988,0.3106574,-0.166904,0.6959988
18.6662435,0.3336637,-0.2115251,0.5821944,0.3576869,-0.188921,0.6603156,0.309831,-0.1681649,0.6983876,0.309831,-0.1681649,0.6983876
18.7022206,0.3340791,-0.2107725,0.5839721,0.3579472,-0.188979,0.6606866,0.3094299,-0.168731,0.6983982,0.3094299,-0.168731,0.6983982
18.7332017,0.3339241,-0.2103718,0.5847145,0.3575895,-0.1892273,0.6605763,0.3090659,-0.1703677,0.6978019,0.3090659,-0.1703677,0.6978019
18.7662237,0.3338276,-0.2102004,0.5852094,0.3567973,-0.1898989,0.660543,0.3082407,-0.1710895,0.6987317,0.3082407,-0.1710895,0.6987317
18.7992027,0.3337256,-0.2101606,0.585547,0.3567581,-0.1904842,0.6600447,0.3065612,-0.171492,0.7011033,0.3065612,-0.171492,0.7011033
18.8351796,0.33404,-0.2099475,0.5860436,0.356239,-0.1907051,0.6605402,0.3078024,-0.1719075,0.7019745,0.3078024,-0.1719075,0.7019745
18.8681599,0.3322563,-0.211576,0.5826715,0.3572367,-0.1903972,0.6605521,0.3090926,-0.1697033,0.6991534,0.3090926,-0.1697033,0.6991534
18.9011605,0.3327172,-0.2109744,0.5837867,0.3567789,-0.1907228,0.6598223,0.3095744,-0.1696869,0.6986886,0.3095744,-0.1696869,0.6986886
18.9331669,0.3332092,-0.2104915,0.5845652,0.3568053,-0.1905425,0.6603621,0.3085371,-0.1700505,0.6998107,0.3085371,-0.1700505,0.6998107
18.9691444,0.333853,-0.2100349,0.5856996,0.3550493,-0.1908047,0.6602861,0.3083271,-0.1694502,0.6989008,0.3083271,-0.1694502,0.6989008
19.0001562,0.3340504,-0.2098403,0.5863513,0.3559139,-0.1905802,0.6606631,0.3080477,-0.1690835,0.6988444,0.3080477,-0.1690835,0.6988444
19.0331355,0.3343687,-0.2095793,0.5873216,0.3554938,-0.1903882,0.6605881,0.3088088,-0.1694631,0.6998671,0.3088088,-0.1694631,0.6998671
19.0661152,0.3346063,-0.2093465,0.5878755,0.3559047,-0.1904252,0.66047,0.3090092,-0.1689574,0.6991524,0.3090092,-0.1689574,0.6991524
19.0990946,0.3347532,-0.2091611,0.5884749,0.354912,-0.190483,0.6603612,0.3091774,-0.1688403,0.699753,0.3091774,-0.1688403,0.699753
19.1340735,0.3342875,-0.2098631,0.5878053,0.3548191,-0.1903008,0.6606234,0.3079445,-0.1683756,0.6997241,0.3079445,-0.1683756,0.6997241
19.2670389,0.3346611,-0.2095011,0.5893499,0.3537401,-0.1900476,0.6610782,0.3061734,-0.1675529,0.6989528,0.3061734,-0.1675529,0.6989528
19.3020182,0.3347759,-0.2093125,0.5897412,0.3545096,-0.1901834,0.661721,0.3081843,-0.1682076,0.6991385,0.3081843,-0.1682076,0.6991385
19.334997,0.3347019,-0.2091368,0.590114,0.3536705,-0.1900616,0.6618794,0.3051347,-0.1673935,0.7006811,0.3051347,-0.1673935,0.7006811
19.3660036,0.3346939,-0.2090558,0.5903001,0.353549,-0.1901085,0.661772,0.3064678,-0.1677094,0.7004443,0.3064678,-0.1677094,0.7004443
19.3999825,0.3346621,-0.2090282,0.5906525,0.3532286,-0.1903421,0.6617638,0.3065124,-0.1681395,0.7001622,0.3065124,-0.1681395,0.7001622
19.4329631,0.334582,-0.2089188,0.5908507,0.353314,-0.1902593,0.6624473,0.3056531,-0.168021,0.7016836,0.3056531,-0.168021,0.7016836
19.4679402,0.3344362,-0.208839,0.5913851,0.3519596,-0.1905815,0.6620134,0.3064016,-0.1680326,0.700013,0.3064016,-0.1680326,0.700013
19.5000119,0.3333007,-0.2100449,0.5896879,0.3533785,-0.1905286,0.6638877,0.3058605,-0.1683208,0.7011144,0.3058605,-0.1683208,0.7011144
19.5329904,0.3332043,-0.2098422,0.5902148,0.3534682,-0.1906127,0.6638757,0.3064529,-0.1682218,0.7003279,0.3064529,-0.1682218,0.7003279
19.5660708,0.333145,-0.2096207,0.5909,0.3529477,-0.1903261,0.6636744,0.3051753,-0.1676806,0.6997933,0.3051753,-0.1676806,0.6997933
19.5990505,0.3326753,-0.2103983,0.5895573,0.3523819,-0.1901959,0.6642538,0.3052572,-0.1676032,0.7000858,0.3052572,-0.1676032,0.7000858
19.6340299,0.3329729,-0.2100369,0.5906616,0.3524472,-0.1902708,0.6640472,0.3052086,-0.167891,0.7004101,0.3052086,-0.167891,0.7004101
19.6680097,0.3332491,-0.2096198,0.5914716,0.3526175,-0.1903336,0.6641352,0.3048345,-0.1676132,0.700194,0.3048345,-0.1676132,0.700194
19.6989884,0.3333939,-0.2094392,0.5918437,0.3532776,-0.1903506,0.6642162,0.3055575,-0.1677994,0.7007688,0.3055575,-0.1677994,0.7007688
19.7329681,0.3333899,-0.20921,0.5922341,0.3522457,-0.1905323,0.6638547,0.3048253,-0.1677191,0.700865,0.3048253,-0.1677191,0.700865
19.7659955,0.333263,-0.2090463,0.5927987,0.3518643,-0.1904353,0.6643248,0.3039744,-0.1678449,0.7018189,0.3039744,-0.1678449,0.7018189
19.8029886,0.3331854,-0.208913,0.5930821,0.3519168,-0.1903058,0.6643012,0.304089,-0.1672814,0.7008318,0.304089,-0.1672814,0.7008318
19.8350045,0.3333881,-0.2088172,0.5934231,0.3516936,-0.1899807,0.6643239,0.3050195,-0.1673258,0.7000256,0.3050195,-0.1673258,0.7000256
19.8660123,0.3319209,-0.2099045,0.5912852,0.3519955,-0.1897782,0.6644801,0.3046169,-0.1669875,0.7000364,0.3046169,-0.1669875,0.7000364
19.8989943,0.3324045,-0.2095405,0.5921397,0.3515744,-0.1896578,0.6645507,0.3039485,-0.1668877,0.7001714,0.3039485,-0.1668877,0.7001714
19.9329711,0.3327427,-0.2092486,0.5926869,0.3520523,-0.1895602,0.6651296,0.3047749,-0.1670026,0.7006597,0.3047749,-0.1670026,0.7006597
19.96887,0.3328918,-0.2090663,0.5932025,0.3523903,-0.1896312,0.6644678,0.3046277,-0.1671265,0.7003112,0.3046277,-0.1671265,0.7003112
19.9999446,0.3332013,-0.2088495,0.5938092,0.3512809,-0.1895098,0.6648647,0.3043573,-0.1668721,0.7003297,0.3043573,-0.1668721,0.7003297
20.0339686,0.3333422,-0.2087129,0.5940699,0.3515612,-0.1896309,0.6643392,0.3047478,-0.1667874,0.7001871,0.3047478,-0.1667874,0.7001871
20.0659477,0.3322396,-0.2100154,0.5912837,0.3512383,-0.1894772,0.6648108,0.3035794,-0.1667557,0.6997675,0.3035794,-0.1667557,0.6997675
20.0999267,0.331385,-0.2108733,0.5894587,0.3510345,-0.189736,0.6650032,0.3042076,-0.167047,0.6997665,0.3042076,-0.167047,0.6997665
20.132906,0.3312012,-0.2113715,0.5885158,0.3509268,-0.1898535,0.6648071,0.3036062,-0.1668668,0.6998793,0.3036062,-0.1668668,0.6998793
20.1669055,0.3319055,-0.2105631,0.5901527,0.3511808,-0.1896639,0.6647663,0.3037529,-0.1667067,0.7002887,0.3037529,-0.1667067,0.7002887
20.1988844,0.3319603,-0.2099928,0.5915149,0.3510896,-0.1899221,0.6650087,0.3043637,-0.1670752,0.7002747,0.3043637,-0.1670752,0.7002747
20.2338641,0.3319268,-0.2097617,0.5919594,0.3507696,-0.1899222,0.6649965,0.3026102,-0.166683,0.7013839,0.3026102,-0.166683,0.7013839
20.2688414,0.3319252,-0.2095667,0.5923647,0.3506782,-0.1899015,0.6664121,0.3019845,-0.1669321,0.7009564,0.3019845,-0.1669321,0.7009564
20.3018211,0.3313426,-0.2104938,0.5906677,0.3509662,-0.1898024,0.6665922,0.3023201,-0.1666654,0.7003301,0.3023201,-0.1666654,0.7003301
20.3328014,0.3307506,-0.2111295,0.5894868,0.3513473,-0.1899677,0.6665468,0.3031253,-0.1668292,0.7013453,0.3031253,-0.1668292,0.7013453
20.4100418,0.3300065,-0.2119001,0.5880411,0.3517269,-0.1901345,0.6664152,0.3038582,-0.1669713,0.7003958,0.3038582,-0.1669713,0.7003958
20.4350275,0.3306212,-0.2111703,0.5898084,0.3505319,-0.1903856,0.6665512,0.3024559,-0.1670495,0.7009007,0.3024559,-0.1670495,0.7009007
20.4660077,0.331059,-0.2107146,0.5907435,0.3516411,-0.1902139,0.6669898,0.3028386,-0.1671614,0.7011872,0.3028386,-0.1671614,0.7011872
20.4999861,0.33121,-0.2104895,0.5914848,0.351367,-0.1907021,0.6666004,0.3040922,-0.1672466,0.7011418,0.3040922,-0.1672466,0.7011418
20.5329659,0.3312271,-0.2103342,0.5917863,0.3505079,-0.1909044,0.6665199,0.302043,-0.1672767,0.7020993,0.302043,-0.1672767,0.7020993
20.5659665,0.3315094,-0.2101436,0.5922956,0.3519378,-0.1906424,0.6663829,0.3034853,-0.1671447,0.7016087,0.3034853,-0.1671447,0.7016087
20.5999459,0.3315649,-0.2100402,0.5924456,0.3513472,-0.190933,0.6662942,0.3026053,-0.1671998,0.7020739,0.3026053,-0.1671998,0.7020739
20.6349251,0.3315209,-0.2098346,0.5928653,0.3511457,-0.1909193,0.6667189,0.3033607,-0.167186,0.7013494,0.3033607,-0.167186,0.7013494
20.6669081,0.3310239,-0.2107287,0.5912964,0.3516955,-0.1903731,0.6664511,0.3036914,-0.1670488,0.7012057,0.3036914,-0.1670488,0.7012057
20.6989534,0.3312954,-0.2103188,0.5920949,0.3512765,-0.1901326,0.6667156,0.3036466,-0.1669342,0.7009159,0.3036466,-0.1669342,0.7009159
20.732931,0.3316207,-0.2100511,0.5926132,0.3513627,-0.189921,0.666468,0.3030325,-0.1667341,0.7012603,0.3030325,-0.1667341,0.7012603
20.7679093,0.3316985,-0.2098272,0.5929704,0.3522418,-0.1897197,0.6665974,0.3035252,-0.1668334,0.7011298,0.3035252,-0.1668334,0.7011298
20.7999907,0.3313018,-0.2105651,0.5913156,0.3520567,-0.1894162,0.666842,0.3036115,-0.166825,0.7009642,0.3036115,-0.166825,0.7009642
20.8329659,0.3316448,-0.2101705,0.5921205,0.3523592,-0.1898585,0.666638,0.3036994,-0.1667778,0.7014251,0.3036994,-0.1667778,0.7014251
20.8659452,0.3320309,-0.2098784,0.5927458,0.352475,-0.189877,0.6665608,0.3038821,-0.167011,0.7007589,0.3038821,-0.167011,0.7007589
20.8989265,0.3322327,-0.2097346,0.5930141,0.3520955,-0.1898388,0.6666397,0.3035052,-0.1668636,0.7005888,0.3035052,-0.1668636,0.7005888
20.9359323,0.3323401,-0.2095949,0.5932738,0.35181,-0.1900506,0.6664809,0.3035969,-0.1668587,0.7010558,0.3035969,-0.1668587,0.7010558
20.9669215,0.3324941,-0.2093563,0.5935386,0.352358,-0.1898437,0.6661529,0.3034973,-0.1666633,0.7010773,0.3034973,-0.1666633,0.7010773
20.9989452,0.3326113,-0.2091695,0.5937502,0.3528715,-0.1895383,0.6662635,0.3032603,-0.1663183,0.7018403,0.3032603,-0.1663183,0.7018403
21.0329243,0.3326523,-0.2091282,0.593824,0.3521349,-0.189693,0.666264,0.3034178,-0.1666553,0.7010238,0.3034178,-0.1666553,0.7010238
21.066991,0.3326603,-0.2090719,0.5938646,0.3511031,-0.1901725,0.6642686,0.3031547,-0.1666183,0.7012078,0.3031547,-0.1666183,0.7012078
21.1000859,0.3326641,-0.2090095,0.5939292,0.351102,-0.1903552,0.6649553,0.3033078,-0.1668162,0.7006447,0.3033078,-0.1668162,0.7006447
21.1330833,0.3326013,-0.2089635,0.5940026,0.3509829,-0.1908469,0.6648256,0.3033869,-0.1667651,0.7009271,0.3033869,-0.1667651,0.7009271
21.1670616,0.3325504,-0.2088777,0.5940377,0.3504745,-0.1907705,0.6648665,0.3033583,-0.166746,0.701166,0.3033583,-0.166746,0.701166
21.1991022,0.3325094,-0.2088254,0.5940684,0.3507706,-0.1907786,0.6644604,0.3031415,-0.1666242,0.7016823,0.3031415,-0.1666242,0.7016823
21.2351103,0.3323815,-0.2087684,0.5940506,0.3506984,-0.1908367,0.6645078,0.3033564,-0.1666735,0.7011948,0.3033564,-0.1666735,0.7011948
21.2683634,0.3322786,-0.2087152,0.5941831,0.3504335,-0.1907054,0.6647881,0.303347,-0.1666345,0.7010825,0.303347,-0.1666345,0.7010825
21.299343,0.3322167,-0.2086719,0.5943229,0.3500024,-0.190858,0.6645813,0.3031598,-0.1667249,0.7013077,0.3031598,-0.1667249,0.7013077
21.3333268,0.3321407,-0.2086203,0.5944477,0.3495817,-0.1906342,0.6647302,0.3018572,-0.1665216,0.7013299,0.3018572,-0.1665216,0.7013299
21.3663048,0.332009,-0.2085445,0.5944602,0.3499519,-0.1907999,0.6643814,0.3028073,-0.1663949,0.7012148,0.3028073,-0.1663949,0.7012148
21.4002806,0.3318603,-0.2084816,0.5944735,0.3503218,-0.1906648,0.6641906,0.302994,-0.1665354,0.7008787,0.302994,-0.1665354,0.7008787
21.4342617,0.3317062,-0.2084155,0.5944612,0.3502592,-0.1903328,0.664086,0.3020456,-0.1662053,0.7011055,0.3020456,-0.1662053,0.7011055
21.4662413,0.3316846,-0.2083594,0.5944774,0.3504121,-0.1900769,0.6643527,0.3024281,-0.1661688,0.7010316,0.3024281,-0.1661688,0.7010316
21.5602136,0.3315467,-0.2081969,0.5945257,0.3501345,-0.189859,0.6639414,0.3021847,-0.1661835,0.7010697,0.3021847,-0.1661835,0.7010697
21.5712065,0.3315127,-0.2081959,0.5945243,0.3501571,-0.1901077,0.6643468,0.3024151,-0.1662596,0.7007303,0.3024151,-0.1662596,0.7007303
21.601189,0.3314754,-0.2082012,0.5945122,0.350149,-0.1901254,0.6645252,0.3022959,-0.1662079,0.700968,0.3022959,-0.1662079,0.700968
21.633211,0.3314492,-0.2081814,0.5945125,0.3496499,-0.1902174,0.6636207,0.3023572,-0.1662878,0.7004992,0.3023572,-0.1662878,0.7004992
21.6661903,0.3314123,-0.2081641,0.5945157,0.3499049,-0.1905062,0.6641569,0.3024362,-0.1663038,0.7012715,0.3024362,-0.1663038,0.7012715
21.6991702,0.331373,-0.2081652,0.5944785,0.3503371,-0.1905205,0.6640258,0.3025503,-0.166407,0.7008274,0.3025503,-0.166407,0.7008274
21.7331483,0.3313748,-0.2081808,0.5944663,0.3496137,-0.1907981,0.6640074,0.3023027,-0.166489,0.7011978,0.3023027,-0.166489,0.7011978
21.7672224,0.3314064,-0.2081805,0.5943747,0.3503852,-0.1908937,0.6640263,0.302604,-0.1664452,0.7010561,0.302604,-0.1664452,0.7010561
21.7992026,0.3313336,-0.2082052,0.594334,0.3506333,-0.1910216,0.6631365,0.3025639,-0.1665163,0.7009302,0.3025639,-0.1665163,0.7009302
21.8331814,0.331331,-0.2081987,0.5942913,0.3495374,-0.1912024,0.6638762,0.3024383,-0.166447,0.7011409,0.3024383,-0.166447,0.7011409
21.8651617,0.3313562,-0.2082092,0.5942836,0.3500897,-0.191255,0.6638909,0.3025483,-0.1664918,0.7008559,0.3025483,-0.1664918,0.7008559
21.9011419,0.3313646,-0.2082094,0.5942777,0.3500626,-0.1911508,0.6638832,0.3025311,-0.1664924,0.700901,0.3025311,-0.1664924,0.700901
21.9331203,0.3314143,-0.2082037,0.5942734,0.3504223,-0.1913309,0.663961,0.3025275,-0.1665092,0.7009632,0.3025275,-0.1665092,0.7009632
21.9656135,0.3313916,-0.2081812,0.5943028,0.3498439,-0.1912084,0.6639467,0.302011,-0.1665501,0.7020793,0.302011,-0.1665501,0.7020793
21.9985937,0.3313724,-0.2081791,0.5943174,0.3500597,-0.1913557,0.6636384,0.3025076,-0.1664921,0.7009725,0.3025076,-0.1664921,0.7009725
22.0335769,0.3313419,-0.2081801,0.594242,0.3503786,-0.1916323,0.6634585,0.3022788,-0.1665748,0.7011404,0.3022788,-0.1665748,0.7011404
22.0665543,0.3313094,-0.208176,0.5942478,0.3503246,-0.1912738,0.6637902,0.3026645,-0.1664912,0.7009541,0.3026645,-0.1664912,0.7009541
22.1005306,0.331255,-0.2081787,0.5942382,0.3497096,-0.191524,0.6643203,0.3023372,-0.166701,0.7013125,0.3023372,-0.166701,0.7013125
22.1325107,0.3312092,-0.2081844,0.5942206,0.3505358,-0.1912556,0.6637268,0.3024797,-0.1664186,0.7016565,0.3024797,-0.1664186,0.7016565
22.1665745,0.3311849,-0.2081734,0.5942297,0.3505286,-0.1911981,0.66431,0.3023943,-0.16655,0.701282,0.3023943,-0.16655,0.701282
22.1985525,0.3311501,-0.2081707,0.5942379,0.3507112,-0.1913099,0.6636723,0.3024223,-0.1664869,0.7014654,0.3024223,-0.1664869,0.7014654
22.2355298,0.3310895,-0.2081565,0.5942383,0.3497456,-0.1913031,0.6641881,0.3020188,-0.1665338,0.7020438,0.3020188,-0.1665338,0.7020438
22.2666445,0.3311423,-0.2081449,0.5942085,0.3505603,-0.1909781,0.6639522,0.3025925,-0.166396,0.7013602,0.3025925,-0.166396,0.7013602
22.2996212,0.331098,-0.2081453,0.5941762,0.3503429,-0.1910581,0.6636611,0.3027633,-0.166395,0.7010915,0.3027633,-0.166395,0.7010915
22.3326012,0.3311017,-0.2081345,0.5941777,0.3492378,-0.1912632,0.6632563,0.3018247,-0.1664727,0.7015335,0.3018247,-0.1664727,0.7015335
22.3665829,0.3310814,-0.2081267,0.5941527,0.3493522,-0.1913837,0.6631513,0.302254,-0.1666256,0.7010942,0.302254,-0.1666256,0.7010942
22.4005614,0.3311486,-0.2081095,0.5941494,0.3496801,-0.1913814,0.6639845,0.3022035,-0.1665091,0.7010515,0.3022035,-0.1665091,0.7010515
22.4335411,0.3311799,-0.2081251,0.5941532,0.3499871,-0.1917996,0.6642115,0.3022827,-0.1667104,0.7007421,0.3022827,-0.1667104,0.7007421
22.4665217,0.3311595,-0.2081304,0.5941399,0.3498075,-0.1916142,0.6642917,0.3019601,-0.1667346,0.701278,0.3019601,-0.1667346,0.701278
22.4994976,0.3312937,-0.2081926,0.5939806,0.3501308,-0.1920833,0.6642293,0.3024986,-0.1668715,0.7012985,0.3024986,-0.1668715,0.7012985
22.53348,0.3312625,-0.2082134,0.5940019,0.3501179,-0.1921835,0.6644807,0.302173,-0.1668693,0.7017723,0.302173,-0.1668693,0.7017723
22.567466,0.3312968,-0.2082854,0.594064,0.3499129,-0.1925149,0.6641001,0.3012391,-0.167273,0.7018839,0.3012391,-0.167273,0.7018839
22.5994429,0.3312981,-0.2083199,0.5940741,0.3495953,-0.1925985,0.664494,0.3017665,-0.1671169,0.7019697,0.3017665,-0.1671169,0.7019697
22.6334231,0.3312194,-0.2083775,0.5940622,0.3496703,-0.1926166,0.6643238,0.302506,-0.1666956,0.7015257,0.302506,-0.1666956,0.7015257
22.7306011,0.3309598,-0.2084674,0.5940842,0.3503419,-0.1928416,0.6638466,0.3023803,-0.1670649,0.7016913,0.3023803,-0.1670649,0.7016913
22.7475904,0.3309249,-0.2084754,0.5942237,0.3504812,-0.1920751,0.6646671,0.3024604,-0.1666503,0.7015676,0.3024604,-0.1666503,0.7015676
22.7665807,0.3308891,-0.2084756,0.5942343,0.3513976,-0.1918181,0.6642044,0.3030015,-0.1667292,0.7020862,0.3030015,-0.1667292,0.7020862
22.7995571,0.3309761,-0.2085058,0.5942589,0.3503628,-0.1914023,0.6642485,0.3022326,-0.1665732,0.7024948,0.3022326,-0.1665732,0.7024948
22.8335382,0.3309801,-0.2085087,0.5942822,0.350553,-0.1911443,0.6642238,0.3024412,-0.1665581,0.7017683,0.3024412,-0.1665581,0.7017683
22.8665204,0.3311186,-0.2086058,0.594349,0.3510996,-0.1914455,0.6641126,0.3033404,-0.1669193,0.7021271,0.3033404,-0.1669193,0.7021271
22.9014965,0.3311312,-0.208695,0.5943739,0.3506373,-0.1914348,0.6642172,0.3027111,-0.1667334,0.7018,0.3027111,-0.1667334,0.7018
